GROUP,SURVEY,SP,ID,PURPOSE,FIRST,TICKET,WHO,LUGGAGE,AGE,MALE,INCOME,GA,ORIGIN,DEST,TRAIN_AV,CAR_AV,SM_AV,TRAIN_TT,TRAIN_CO,TRAIN_HE,SM_TT,SM_CO,SM_HE,SM_SEATS,CAR_TT,CAR_CO,CHOICE
2,0,1,1,1,0,1,1,0,3,0,2,0,2,1,1,1,1,130,36,60,63,42,20,0,90,84,2
2,0,1,2,1,0,1,1,1,2,0,1,0,22,1,1,0,1,170,62,30,70,66,10,0,0,0,2
2,0,1,3,1,0,1,1,1,2,1,2,0,10,25,1,1,1,58,29,30,25,38,20,0,136,50,2
2,0,1,4,1,0,1,1,1,2,1,3,0,19,2,1,1,1,116,36,30,61,42,10,1,108,100,2
2,0,1,5,1,0,1,1,1,2,1,3,0,21,17,1,0,1,320,70,60,220,74,30,0,0,0,2
2,0,1,6,1,0,1,1,1,3,0,3,0,9,17,1,1,1,95,29,120,46,35,20,0,70,45,2
2,0,1,7,1,0,1,1,1,3,1,1,0,1,2,1,1,1,101,35,60,29,43,10,0,72,140,2
2,0,1,8,1,0,1,1,1,4,1,3,0,1,17,1,1,1,109,20,120,53,32,10,0,100,24,3
2,0,1,9,1,0,1,1,1,2,1,2,0,17,1,1,1,1,116,22,30,46,32,20,0,78,40,2
2,0,1,10,1,0,1,2,1,2,0,1,0,2,1,1,0,1,131,31,120,66,40,20,1,0,0,2
2,0,1,11,1,0,1,2,1,2,1,2,0,17,19,1,0,1,93,29,60,45,40,30,1,0,0,2
2,0,1,12,1,0,1,2,1,3,0,2,0,1,2,1,0,1,117,36,60,62,50,30,0,0,0,2
2,0,1,13,1,0,1,2,1,3,1,1,0,1,17,1,0,1,129,31,60,93,34,20,1,0,0,1
2,0,1,14,1,0,1,2,1,3,1,2,0,1,17,1,1,1,153,26,60,74,32,10,0,56,100,2
2,0,1,15,1,0,1,2,1,3,1,2,0,17,1,1,0,1,97,22,120,48,26,30,0,0,0,2
2,0,1,16,1,0,1,2,1,3,1,2,0,25,1,1,1,1,208,74,30,71,80,30,0,152,130,2
2,0,1,17,1,0,2,1,0,1,1,2,0,1,2,1,1,1,112,21,30,57,24,10,1,72,25,2
2,0,1,18,1,0,2,1,0,3,1,3,0,2,25,1,1,1,186,24,30,95,27,10,0,110,32,2
2,0,1,19,1,0,2,1,1,1,0,1,0,1,17,1,1,1,159,26,60,124,28,10,1,1200,8,2
2,0,1,20,1,0,2,2,1,2,0,1,0,1,2,1,1,1,179,23,120,103,28,20,1,88,24,3
2,0,1,21,1,0,3,1,0,2,1,4,0,25,2,1,0,1,122,80,30,57,106,20,0,0,0,2
2,0,1,22,1,0,3,2,0,5,1,3,0,22,2,1,1,1,108,52,120,39,80,10,1,91,58,1
2,0,1,23,1,0,3,2,1,2,1,2,0,15,1,1,1,1,116,40,60,49,50,20,0,60,65,2
2,0,1,24,1,0,3,2,1,3,1,2,0,17,2,1,0,1,164,88,120,66,103,30,0,0,0,2
2,0,1,25,1,0,3,2,1,3,1,3,0,2,17,1,1,1,179,119,120,66,139,20,0,182,90,3
2,0,1,26,1,0,4,2,0,3,1,2,0,25,1,1,1,1,233,74,120,67,104,10,1,247,71,2
2,0,1,27,1,0,4,2,1,2,1,2,0,22,2,1,0,1,86,27,120,28,41,10,0,0,0,2
2,0,1,28,1,0,5,1,1,5,1,1,0,25,23,1,0,1,108,45,60,68,60,20,0,0,0,2
2,0,1,29,1,0,5,1,1,3,0,2,0,2,22,1,1,1,103,60,30,52,60,10,0,91,104,2
2,0,1,30,1,0,5,2,1,2,1,2,0,22,2,1,1,1,118,60,120,46,60,30,1,70,27,2
2,0,1,31,1,0,5,2,1,3,1,3,0,17,2,1,1,1,165,60,30,63,60,10,0,182,104,2
2,0,1,32,1,0,5,3,1,2,1,4,0,9,25,1,0,1,238,50,60,109,80,30,0,0,0,2
2,0,1,33,1,0,6,1,0,2,0,4,1,25,22,1,0,1,64,3120,120,40,3380,20,0,0,0,2
2,0,1,34,1,0,6,1,0,3,0,2,1,1,10,1,0,1,139,3120,30,77,3380,30,0,0,0,2
2,0,1,35,1,0,6,1,1,2,0,1,1,1,17,1,0,1,124,3120,60,68,3120,20,0,0,0,2
2,0,1,36,1,0,6,1,1,2,0,2,1,17,1,1,0,1,80,3120,120,38,4160,10,0,0,0,2
2,0,1,37,1,0,6,1,1,2,0,4,1,22,25,1,1,1,66,3120,30,35,3380,30,0,40,52,2
2,0,1,38,1,0,6,1,1,2,1,2,1,1,2,1,0,1,107,2340,60,56,3380,10,0,0,0,2
2,0,1,39,1,0,6,1,1,2,1,2,1,17,2,1,0,1,159,2600,120,55,3380,20,0,0,0,2
2,0,1,40,1,0,6,1,1,3,1,1,1,19,17,1,0,1,88,3120,30,41,3120,10,0,0,0,2
2,0,1,41,1,0,6,1,1,3,1,2,1,5,22,1,1,1,231,2340,30,123,3120,10,1,168,60,2
2,0,1,42,1,0,6,2,1,2,1,3,1,1,2,1,1,1,95,2600,30,37,3380,30,1,117,40,2
2,0,1,43,1,0,6,2,1,3,0,3,1,1,2,1,0,1,78,2340,30,34,3380,30,0,0,0,2
2,0,1,44,1,0,6,2,1,3,1,3,1,1,2,1,1,1,109,2600,120,62,3380,20,0,90,71,2
2,0,1,45,1,0,6,2,1,3,1,3,1,19,2,1,1,1,173,2600,30,97,3120,10,0,90,48,2
2,0,1,46,1,0,6,2,1,3,1,3,1,20,1,1,0,1,132,3120,30,83,4160,20,1,0,0,1
2,0,1,47,1,0,6,3,1,2,1,2,1,17,1,1,1,1,85,2600,30,39,4160,20,0,48,24,2
2,0,1,48,1,0,6,3,1,3,1,2,1,25,22,1,1,1,47,3120,30,25,4160,20,1,40,109,1
2,0,1,49,1,0,6,3,1,3,1,3,1,1,2,1,1,1,113,2600,30,55,3380,30,1,97,40,2
2,0,1,50,1,0,6,3,1,4,1,2,1,17,2,1,1,1,263,2340,120,126,3380,20,1,120,60,2
2,0,1,51,1,0,6,3,1,4,1,2,1,25,10,1,1,1,107,2600,30,81,3120,10,0,90,44,2
2,0,1,52,1,0,6,3,1,2,1,2,1,25,1,1,0,1,177,3120,30,58,3120,10,0,0,0,2
2,0,1,53,1,0,6,3,3,2,1,3,1,1,2,1,1,1,126,3120,30,80,3120,10,0,104,208,2
2,0,1,54,1,0,7,1,1,2,0,2,1,17,1,1,0,1,83,1665,60,34,2405,10,0,0,0,1
2,0,1,55,1,0,8,1,1,1,0,1,0,17,1,1,0,1,101,135,60,62,162,20,1,0,0,1
2,0,1,56,1,0,8,1,1,2,0,4,0,17,1,1,1,1,85,218,30,34,283,30,1,65,28,2
2,0,1,57,1,0,8,2,0,3,0,3,0,1,22,1,1,1,195,50,60,116,60,20,1,208,105,2
2,0,1,58,1,0,8,2,1,1,1,4,0,17,20,1,1,1,80,215,60,29,215,20,0,48,24,2
2,0,1,59,1,0,8,2,1,3,0,3,0,17,22,1,1,1,292,168,120,71,168,30,1,190,110,2
2,0,1,60,1,0,8,2,1,4,1,4,0,1,2,1,1,1,132,194,120,61,281,20,1,48,36,3
2,0,1,61,1,0,10,1,1,3,0,1,0,10,17,1,1,1,185,17,120,84,22,20,0,160,149,2
2,0,1,62,1,1,1,1,1,2,0,2,0,2,17,1,1,1,172,81,30,116,88,30,1,273,88,2
2,0,1,63,1,1,1,1,1,3,0,2,0,1,17,1,1,1,109,42,30,67,65,20,0,48,28,2
2,0,1,64,1,1,1,1,1,3,1,3,0,2,1,1,1,1,99,54,30,44,65,10,1,64,50,2
2,0,1,65,1,1,1,2,0,4,1,2,0,17,2,1,1,1,215,101,30,71,118,30,0,112,117,2
2,0,1,66,1,1,1,2,1,2,0,2,0,2,5,1,1,1,157,64,60,115,84,30,1,108,91,2
2,0,1,67,1,1,1,2,1,2,1,2,0,1,2,1,1,1,120,78,30,69,99,20,1,90,78,2
2,0,1,68,1,1,1,2,1,2,1,2,0,1,17,1,1,1,126,38,60,77,48,10,0,78,45,2
2,0,1,69,1,1,1,2,1,2,1,3,0,18,2,1,1,1,155,83,120,116,92,30,0,195,192,2
2,0,1,70,1,1,1,2,1,3,0,2,0,1,2,1,1,1,95,54,120,47,65,30,0,78,40,1
2,0,1,71,1,1,1,2,1,3,0,3,0,17,2,1,1,1,208,84,60,58,99,10,0,88,95,1
2,0,1,72,1,1,1,2,1,3,1,2,0,1,2,1,1,1,145,64,60,78,74,20,0,100,187,2
2,0,1,73,1,1,1,2,1,3,1,3,0,17,1,1,0,1,83,46,120,42,68,10,0,0,0,2
2,0,1,74,1,1,1,2,1,2,0,4,0,2,1,1,1,1,78,54,120,31,65,30,0,143,40,2
2,0,1,75,1,1,2,2,3,2,1,2,0,10,25,1,1,1,115,40,60,85,42,10,0,96,50,2
2,0,1,76,1,1,3,2,0,2,1,3,0,1,17,1,0,1,62,57,120,41,106,10,0,0,0,2
2,0,1,77,1,1,3,2,0,4,0,2,0,1,2,1,1,1,115,130,30,71,176,20,0,72,52,1
2,0,1,78,1,1,3,2,1,2,0,3,0,1,2,1,0,1,105,130,60,64,147,20,1,0,0,2
2,0,1,79,1,1,3,2,1,3,1,3,0,23,25,1,1,1,95,121,60,82,136,20,1,104,80,2
2,0,1,80,1,1,4,1,1,4,1,3,0,19,17,1,0,1,106,70,30,61,79,10,0,0,0,2
2,0,1,81,1,1,4,2,0,2,1,4,0,22,25,1,1,1,59,40,120,37,50,20,0,40,19,1
2,0,1,82,1,1,5,1,1,3,1,3,0,17,2,1,1,1,200,100,60,64,133,30,0,195,112,2
2,0,1,83,1,1,5,2,1,2,0,4,0,2,17,1,1,1,180,75,30,94,108,30,0,160,90,2
2,0,1,84,1,1,5,2,1,2,1,3,0,22,1,1,1,1,209,100,120,63,100,30,1,150,100,2
2,0,1,85,1,1,5,2,1,3,1,3,0,1,17,1,1,1,97,83,30,41,108,30,1,78,28,3
2,0,1,86,1,1,5,2,1,3,1,3,0,25,1,1,1,1,213,83,120,94,100,30,0,200,266,2
2,0,1,87,1,1,5,2,1,2,1,2,0,20,2,1,1,1,214,100,60,130,133,30,0,182,68,2
2,0,1,88,1,1,6,1,1,3,1,3,1,1,25,1,1,1,243,3780,60,78,5040,20,0,165,214,2
2,0,1,89,1,1,6,1,1,3,1,3,1,2,1,1,1,1,112,5040,60,54,5040,20,0,96,60,2
2,0,1,90,1,1,6,1,1,4,1,1,1,1,17,1,0,1,97,5040,120,44,5460,20,0,0,0,2
2,0,1,91,1,1,6,2,1,1,1,2,1,2,1,1,1,1,77,5040,120,22,5460,20,0,117,120,2
2,0,1,92,1,1,6,2,1,2,1,2,1,1,17,1,1,1,117,4200,30,54,5040,10,0,80,24,2
2,0,1,93,1,1,6,2,1,3,1,3,1,1,2,1,1,1,136,5040,120,81,5460,20,0,104,50,2
2,0,1,94,1,1,6,2,1,3,1,3,1,1,17,1,1,1,93,3780,30,53,5460,30,0,60,100,2
2,0,1,95,1,1,6,2,1,3,1,3,1,2,1,1,1,1,121,4200,60,49,5460,10,0,96,80,2
2,0,1,96,1,1,6,2,1,3,1,3,1,19,17,1,1,1,112,3780,60,63,5460,10,0,130,195,2
2,0,1,97,1,1,6,2,1,4,1,3,1,1,2,1,1,1,152,4200,60,74,5460,10,0,72,65,1
2,0,1,98,1,1,6,2,3,2,1,3,1,10,1,1,1,1,167,5040,30,99,5460,30,0,64,195,2
2,0,1,99,1,1,6,3,1,3,1,3,1,1,17,1,1,1,116,4200,60,63,6720,30,0,70,45,1
2,0,1,100,1,1,6,3,1,4,0,3,1,22,2,1,0,1,82,4200,120,31,5460,20,0,0,0,1
2,0,1,101,1,1,6,3,1,4,1,4,1,2,1,1,1,1,86,3780,30,43,5460,30,0,75,25,1
2,0,1,102,1,1,8,1,1,3,0,3,0,1,17,1,1,1,103,134,120,40,194,20,1,48,32,2
2,0,1,103,1,1,8,2,1,3,0,2,0,25,22,1,0,1,54,174,120,32,209,30,0,0,0,2
2,0,1,104,1,1,8,2,1,3,1,3,0,17,1,1,1,1,97,266,120,44,289,20,0,78,40,2
2,0,1,105,1,1,10,2,1,2,0,3,0,25,23,1,1,1,131,203,60,91,271,20,0,90,58,2
2,0,1,106,2,0,1,1,0,3,0,2,0,8,10,1,1,1,164,52,60,142,56,20,1,195,65,2
2,0,1,107,2,0,1,1,1,2,0,1,0,1,2,1,1,1,138,36,30,83,42,10,1,96,60,2
2,0,1,108,2,0,1,1,1,2,0,2,0,1,2,1,0,1,98,43,60,52,49,10,1,0,0,2
2,0,1,109,2,0,1,1,1,2,0,2,0,1,10,1,0,1,173,54,60,108,64,30,0,0,0,2
2,0,1,110,2,0,1,1,1,2,1,3,0,25,1,1,0,1,192,74,120,63,82,20,0,0,0,2
2,0,1,111,2,0,1,1,1,3,0,1,0,1,2,1,1,1,136,46,30,61,50,30,0,72,65,2
2,0,1,112,2,0,1,1,1,3,0,2,0,1,2,1,1,1,98,35,30,33,42,10,0,90,12,2
2,0,1,113,2,0,1,1,1,3,1,1,0,25,10,1,0,1,88,38,60,85,42,10,1,0,0,1
2,0,1,114,2,0,1,1,1,3,1,4,0,22,2,1,0,1,123,30,30,54,38,30,0,0,0,2
2,0,1,115,2,0,1,2,1,2,1,2,0,25,23,1,1,1,79,54,120,65,56,10,0,120,90,2
2,0,1,116,2,0,1,2,3,3,0,3,0,25,2,1,0,1,150,48,120,48,52,30,1,0,0,2
2,0,1,117,2,0,1,3,1,2,0,4,0,1,2,1,1,1,148,40,120,70,52,10,1,97,78,2
2,0,1,118,2,0,1,3,1,3,0,2,0,2,22,1,0,1,103,25,60,31,32,10,0,0,0,2
2,0,1,119,2,0,2,1,1,1,1,4,0,23,2,1,1,1,162,22,30,85,24,10,0,60,28,2
2,0,1,120,2,0,2,2,1,1,1,1,0,25,22,1,1,1,68,10,120,42,14,10,0,50,19,2
2,0,1,121,2,0,2,2,1,4,1,3,0,22,25,1,1,1,72,12,120,48,15,20,0,52,60,2
2,0,1,122,2,0,2,2,3,2,1,4,0,23,25,1,1,1,108,20,30,70,23,10,0,100,32,2
2,0,1,123,2,0,3,1,1,1,0,1,0,1,2,1,0,1,130,91,60,72,98,20,0,0,0,2
2,0,1,124,2,0,3,1,1,2,1,1,0,1,17,1,0,1,90,39,30,48,52,30,0,0,0,2
2,0,1,125,2,0,3,1,1,2,1,1,0,19,2,1,1,1,114,100,30,67,103,10,0,117,65,2
2,0,1,126,2,0,3,2,0,1,0,1,0,1,25,1,1,1,67,103,120,37,111,20,1,168,40,2
2,0,1,127,2,0,4,2,0,5,1,1,0,25,22,1,1,1,105,31,120,79,42,10,0,70,16,2
2,0,1,128,2,0,4,3,1,1,1,1,0,1,10,1,0,1,107,45,60,37,52,20,0,0,0,2
2,0,1,129,2,0,5,2,1,2,1,1,0,2,25,1,1,1,137,50,120,67,60,30,0,80,52,2
2,0,1,130,2,0,6,1,0,2,1,4,1,2,22,1,1,1,74,2340,30,30,3380,30,0,60,45,1
2,0,1,131,2,0,6,1,1,1,0,4,1,2,1,1,0,1,102,2600,120,54,3380,20,0,0,0,2
2,0,1,132,2,0,6,1,1,1,0,4,1,25,22,1,1,1,51,3120,120,32,4160,10,0,40,12,1
2,0,1,133,2,0,6,1,1,2,0,1,1,2,1,1,0,1,99,2600,60,44,4160,30,0,0,0,1
2,0,1,134,2,0,6,1,1,2,0,1,1,2,17,1,0,1,216,2600,30,138,3120,10,0,0,0,2
2,0,1,135,2,0,6,1,1,2,0,1,1,17,1,1,1,1,92,2340,120,36,4160,10,0,60,28,2
2,0,1,136,2,0,6,1,1,2,0,1,1,19,1,1,0,1,110,2340,30,68,3380,30,0,0,0,1
2,0,1,137,2,0,6,1,1,2,0,1,1,22,25,1,0,1,58,2340,60,25,3120,20,0,0,0,2
2,0,1,138,2,0,6,1,1,2,0,2,1,1,2,1,1,1,103,2600,60,31,3380,10,0,60,40,2
2,0,1,139,2,0,6,1,1,2,0,2,1,22,25,1,0,1,52,3120,30,30,4160,20,1,0,0,1
2,0,1,140,2,0,6,1,1,2,0,3,1,25,22,1,1,1,54,3120,30,31,3120,10,0,78,32,2
2,0,1,141,2,0,6,1,1,2,0,4,1,1,17,1,0,1,95,2340,120,49,3120,30,0,0,0,2
2,0,1,142,2,0,6,1,1,2,0,4,1,23,2,1,0,1,158,2340,120,83,3380,20,1,0,0,1
2,0,1,143,2,0,6,1,1,2,1,1,1,2,22,1,0,1,108,2340,120,43,3380,20,1,0,0,2
2,0,1,144,2,0,6,1,1,2,1,1,1,22,1,1,0,1,191,3120,60,62,4160,30,0,0,0,2
2,0,1,145,2,0,6,1,1,2,1,2,1,1,2,1,1,1,90,2600,30,32,3380,30,1,143,80,2
2,0,1,146,2,0,6,1,1,2,1,2,1,25,22,1,0,1,51,2600,30,30,4160,20,0,0,0,1
2,0,1,147,2,0,6,1,1,2,1,4,1,2,25,1,0,1,154,2600,60,52,3380,10,0,0,0,1
2,0,1,148,2,0,6,1,1,2,1,4,1,22,2,1,1,1,82,2600,120,31,3380,20,0,60,52,1
2,0,1,149,2,0,6,1,1,3,1,2,1,25,22,1,1,1,51,2340,60,28,4160,30,1,32,32,1
2,0,1,150,2,0,6,1,1,3,1,3,1,2,1,1,1,1,75,3120,120,31,4160,10,0,72,100,2
2,0,1,151,2,0,6,1,1,3,1,3,1,25,22,1,1,1,55,2340,120,29,4160,10,0,40,28,2
2,0,1,152,2,0,6,2,1,2,0,1,1,22,25,1,1,1,81,2600,120,59,3120,30,0,48,52,1
2,0,1,153,2,0,6,2,1,2,1,3,1,25,2,1,1,1,171,2600,60,69,3380,10,0,96,50,2
2,0,1,154,2,0,6,3,1,2,0,1,1,25,22,1,1,1,44,2340,30,20,3120,10,1,40,25,2
2,0,1,155,2,0,6,3,1,2,0,2,1,25,22,1,1,1,61,3120,120,28,3120,30,1,50,60,2
2,0,1,156,2,0,6,3,1,2,1,2,1,1,2,1,1,1,110,3120,120,69,4160,10,0,80,150,2
2,0,1,157,2,0,6,3,1,2,1,2,1,22,25,1,0,1,55,2340,60,33,3380,10,0,0,0,2
2,0,1,158,2,0,6,3,1,3,1,3,1,22,25,1,0,1,76,2600,60,43,3380,10,0,0,0,2
2,0,1,159,2,0,7,1,1,1,0,1,1,2,22,1,0,1,103,2220,30,34,2405,30,0,0,0,2
2,0,1,160,2,0,7,1,1,1,1,1,1,2,22,1,0,1,84,2220,30,33,2960,20,1,0,0,1
2,0,1,161,2,0,7,1,1,1,1,2,1,22,25,1,0,1,74,1850,120,52,2220,30,0,0,0,2
2,0,1,162,2,0,7,1,1,1,1,2,1,22,25,1,1,1,47,1850,60,23,2960,30,0,60,30,1
2,0,1,163,2,0,7,1,1,1,1,1,1,22,2,1,0,1,71,1665,30,27,2405,30,0,0,0,1
2,0,1,164,2,0,7,1,3,1,1,4,1,2,22,1,0,1,99,1665,30,27,2960,20,0,0,0,2
2,0,1,165,2,0,7,2,1,1,0,1,1,1,2,1,0,1,107,2220,60,59,2405,10,1,0,0,1
2,0,1,166,2,0,8,1,1,1,0,4,0,22,25,1,1,1,46,208,30,24,277,20,1,40,26,1
2,0,1,167,2,0,8,1,1,2,0,1,0,17,1,1,0,1,90,307,120,37,333,20,0,0,0,2
2,0,1,168,2,0,8,1,1,2,0,1,0,22,25,1,0,1,76,252,120,43,403,10,1,0,0,1
2,0,1,169,2,0,8,1,1,2,0,2,0,22,25,1,1,1,59,92,120,30,133,20,1,32,20,2
2,0,1,170,2,0,8,1,1,2,0,3,0,22,25,1,1,1,54,268,30,31,268,10,0,117,45,2
2,0,1,171,2,0,8,1,1,2,0,3,0,25,22,1,1,1,76,221,30,57,320,30,0,60,40,1
2,0,1,172,2,0,8,1,1,2,1,2,0,22,25,1,0,1,76,201,60,45,268,20,0,0,0,2
2,0,1,173,2,0,8,1,1,2,1,2,0,22,25,1,0,1,66,201,30,47,290,30,0,0,0,1
2,0,1,174,2,0,8,1,1,2,1,2,0,25,22,1,1,1,49,282,30,27,376,20,1,40,39,1
2,0,1,175,2,0,8,1,1,2,1,3,0,22,25,1,0,1,61,199,30,32,239,10,0,0,0,2
2,0,1,176,2,0,8,1,1,4,0,1,1,22,25,1,1,1,46,2408,60,20,2408,20,0,32,20,2
2,0,1,177,2,0,8,2,1,2,0,2,0,25,22,1,1,1,74,211,30,41,376,20,0,78,30,2
2,0,1,178,2,0,8,2,1,2,1,1,0,22,25,1,1,1,52,300,120,31,390,20,0,60,52,2
2,0,1,179,2,0,8,2,1,2,1,3,0,25,22,1,1,1,66,223,30,37,268,10,0,40,24,2
2,0,1,180,2,0,8,3,1,2,0,1,0,22,25,1,1,1,53,257,60,36,308,20,1,78,40,2
2,0,1,181,2,0,8,3,1,2,0,2,0,22,25,1,1,1,58,295,60,32,295,20,0,48,32,2
2,0,1,182,2,0,10,1,1,2,0,2,0,1,17,1,1,1,95,150,30,52,240,20,0,48,32,3
2,0,1,183,2,0,10,2,1,1,0,1,1,22,25,1,1,1,61,1800,30,30,1950,30,0,40,39,2
2,0,1,184,2,1,1,1,0,3,0,1,0,2,1,1,0,1,171,61,60,94,71,20,0,0,0,2
2,0,1,185,2,1,1,1,1,2,0,2,0,1,2,1,1,1,99,54,120,41,78,10,0,80,40,2
2,0,1,186,2,1,1,1,1,2,1,4,0,10,25,1,0,1,113,49,30,102,54,10,1,0,0,1
2,0,1,187,2,1,1,1,1,3,1,3,0,17,2,1,1,1,172,94,120,92,94,30,1,120,140,2
2,0,1,188,2,1,1,2,0,2,1,2,0,1,25,1,0,1,225,126,60,88,133,20,0,0,0,2
2,0,1,189,2,1,1,2,1,2,1,1,0,25,22,1,1,1,61,35,120,28,38,30,1,40,25,2
2,0,1,190,2,1,1,3,1,3,1,3,0,17,2,1,1,1,164,76,120,118,84,30,0,96,91,2
2,0,1,191,2,1,2,2,1,3,1,3,0,25,22,1,0,1,61,17,120,30,26,10,1,0,0,2
2,0,1,192,2,1,3,1,1,2,1,1,0,22,1,1,1,1,186,158,30,78,184,10,1,120,85,1
2,0,1,193,2,1,3,2,1,2,0,2,0,22,25,1,1,1,76,70,120,43,77,30,1,60,30,2
2,0,1,194,2,1,5,2,1,1,1,4,0,17,25,1,0,1,275,83,60,87,133,30,0,0,0,2
2,0,1,195,2,1,5,2,1,2,1,3,0,19,25,1,1,1,59,100,120,35,108,20,0,156,110,2
2,0,1,196,2,1,5,2,1,3,0,3,0,25,2,1,1,1,135,100,120,59,108,20,0,156,100,2
2,0,1,197,2,1,5,2,1,2,0,2,0,25,22,1,0,1,49,100,30,27,133,20,1,0,0,1
2,0,1,198,2,1,6,1,1,2,1,2,1,2,1,1,1,1,92,3780,60,42,6720,30,1,72,65,1
2,0,1,200,2,1,6,1,1,3,1,2,1,17,1,1,0,1,87,3780,60,38,5460,10,0,0,0,1
2,0,1,201,2,1,6,1,1,3,1,3,1,22,22,1,1,1,63,5040,60,46,5460,10,1,50,28,2
2,0,1,202,2,1,6,1,1,3,1,3,1,22,25,1,1,1,62,4200,120,40,5040,30,0,48,195,2
2,0,1,203,2,1,6,1,1,3,1,3,1,23,25,1,1,1,86,4200,120,68,5460,20,0,120,91,1
2,0,1,204,2,1,6,2,0,3,1,3,1,22,25,1,0,1,57,3780,30,33,5040,10,1,0,0,2
2,0,1,205,2,1,6,2,1,2,1,3,1,1,17,1,1,1,102,5040,60,39,6720,30,0,78,24,2
2,0,1,206,2,1,6,2,1,2,1,3,1,25,22,1,0,1,64,5040,30,42,6720,20,1,0,0,1
2,0,1,207,2,1,6,2,1,3,1,3,1,25,23,1,1,1,112,4200,30,74,5040,10,0,80,96,2
2,0,1,208,2,1,6,2,1,3,1,4,1,22,25,1,1,1,81,5040,30,59,6720,20,1,100,65,1
2,0,1,209,2,1,6,2,1,4,0,2,1,22,25,1,1,1,61,3780,60,38,6720,30,1,40,39,2
2,0,1,210,2,1,6,3,1,2,1,2,1,1,17,1,1,1,88,3780,30,46,5460,30,0,60,70,1
2,0,1,211,2,1,6,3,1,2,1,4,1,1,2,1,0,1,112,3780,60,61,5460,10,0,0,0,2
2,0,1,212,2,1,6,3,1,4,1,3,1,25,22,1,0,1,69,4200,30,43,5460,30,1,0,0,2
2,0,1,213,2,1,8,1,1,1,1,1,0,25,22,1,1,1,56,154,30,37,222,30,0,50,20,2
2,0,1,214,2,1,8,2,0,2,0,2,0,25,22,1,1,1,41,443,60,20,480,10,1,50,20,3
2,0,1,215,2,1,8,2,1,2,1,2,0,22,25,1,1,1,54,315,30,30,420,10,1,40,25,2
2,0,1,216,2,1,8,2,1,3,0,1,0,23,25,1,0,1,73,464,60,57,557,20,1,0,0,2
2,0,1,217,2,1,10,1,1,3,1,3,0,22,25,1,1,1,41,35,30,12,42,10,0,40,64,1
2,0,1,218,2,1,10,3,1,5,1,3,0,22,25,1,1,1,42,174,120,19,226,20,0,40,109,1
2,0,1,219,3,0,1,1,0,2,0,2,0,1,25,1,0,1,229,58,120,92,82,10,0,0,0,2
2,0,1,220,3,0,1,1,0,2,1,2,0,25,22,1,0,1,44,16,60,21,24,30,1,0,0,2
2,0,1,221,3,0,1,1,0,4,0,2,0,2,22,1,1,1,82,25,120,31,32,20,0,70,26,2
2,0,1,222,3,0,1,1,0,1,1,1,0,25,1,1,0,1,227,59,120,92,82,10,0,0,0,1
2,0,1,223,3,0,1,1,0,3,0,1,0,1,22,1,0,1,280,68,30,126,78,30,0,0,0,2
2,0,1,224,3,0,1,1,0,3,1,2,0,10,25,1,1,1,88,35,60,53,43,30,0,104,28,2
2,0,1,225,3,0,1,1,0,2,0,2,0,2,1,1,0,1,249,34,30,194,40,10,1,0,0,1
2,0,1,226,3,0,1,1,1,1,0,1,0,2,22,1,0,1,116,35,30,73,45,20,0,0,0,1
2,0,1,227,3,0,1,1,1,1,1,1,0,1,17,1,0,1,112,26,30,56,32,30,1,0,0,2
2,0,1,228,3,0,1,1,1,1,1,1,0,2,1,1,0,1,107,38,120,38,52,10,1,0,0,1
2,0,1,229,3,0,1,1,1,1,1,1,0,25,2,1,0,1,140,58,120,84,70,10,0,0,0,2
2,0,1,230,3,0,1,1,1,2,0,1,0,17,1,1,0,1,83,26,120,43,38,10,0,0,0,2
2,0,1,231,3,0,1,1,1,2,0,1,0,25,2,1,1,1,122,36,30,46,42,10,1,88,65,2
2,0,1,232,3,0,1,1,1,2,1,1,0,22,25,1,0,1,70,24,30,39,26,10,0,0,0,2
2,0,1,233,3,0,1,1,1,2,1,1,0,25,22,1,0,1,61,16,120,38,21,20,0,0,0,2
2,0,1,234,3,0,1,1,1,2,1,2,0,1,17,1,0,1,130,26,30,59,35,30,0,0,0,2
2,0,1,235,3,0,1,1,1,2,1,2,0,20,10,1,1,1,234,67,30,174,74,10,0,221,130,2
2,0,1,236,3,0,1,1,1,3,0,1,0,20,1,1,0,1,151,35,120,71,40,30,1,0,0,2
2,0,1,237,3,0,1,1,1,3,1,1,0,22,1,1,1,1,190,65,60,101,74,10,1,160,80,1
2,0,1,238,3,0,1,1,1,3,1,2,0,22,1,1,1,1,184,51,60,84,62,10,0,247,123,1
2,0,1,239,3,0,1,1,1,4,0,2,0,22,25,1,0,1,148,31,60,107,42,30,0,0,0,2
2,0,1,240,3,0,1,1,1,4,0,2,0,22,25,1,1,1,74,18,30,48,22,30,1,65,20,2
2,0,1,241,3,0,1,1,1,4,0,2,0,25,1,1,1,1,266,74,120,93,78,30,1,190,130,1
2,0,1,242,3,0,1,1,1,4,0,2,0,25,22,1,1,1,67,22,30,43,25,10,1,48,40,1
2,0,1,243,3,0,1,1,1,4,0,4,0,1,2,1,0,1,133,58,30,64,62,30,0,0,0,1
2,0,1,244,3,0,1,1,1,5,0,1,0,10,25,1,0,1,108,29,60,99,32,10,0,0,0,1
2,0,1,245,3,0,1,1,1,5,0,1,0,25,2,1,1,1,161,40,120,64,53,10,1,97,91,2
2,0,1,246,3,0,1,1,1,5,0,2,0,2,1,1,1,1,144,48,120,70,50,30,1,110,70,2
2,0,1,247,3,0,1,1,1,5,0,4,0,25,10,1,1,1,115,32,60,85,36,10,0,80,40,2
2,0,1,248,3,0,1,1,1,5,1,1,0,25,10,1,0,1,84,23,30,60,26,10,1,0,0,1
2,0,1,249,3,0,1,1,1,6,1,2,0,25,22,1,0,1,58,22,60,37,29,30,1,0,0,1
2,0,1,250,3,0,1,1,1,1,1,1,0,2,1,1,0,1,87,35,60,32,49,30,0,0,0,2
2,0,1,251,3,0,1,1,1,2,0,3,0,25,2,1,1,1,114,40,30,49,53,20,0,88,28,2
2,0,1,252,3,0,1,1,1,2,1,2,0,2,25,1,1,1,104,36,30,45,43,30,0,110,65,2
2,0,1,253,3,0,1,1,1,2,1,4,0,1,25,1,0,1,214,56,120,77,80,10,0,0,0,1
2,0,1,254,3,0,1,1,1,3,0,2,0,25,2,1,0,1,125,40,60,49,53,30,0,0,0,2
2,0,1,255,3,0,1,1,1,3,0,3,0,1,2,1,1,1,129,34,30,74,40,10,1,64,50,2
2,0,1,256,3,0,1,1,1,3,0,4,0,22,2,1,1,1,113,26,30,55,32,30,1,91,53,2
2,0,1,257,3,0,1,1,1,4,1,2,0,1,10,1,1,1,131,50,120,88,54,20,0,143,70,2
2,0,1,258,3,0,1,1,1,3,0,2,0,22,1,1,0,1,163,52,60,55,72,30,0,0,0,2
2,0,1,259,3,0,1,1,3,2,0,4,0,14,2,1,1,1,236,54,60,146,66,30,0,234,52,2
2,0,1,260,3,0,1,1,3,3,0,1,0,25,2,1,0,1,147,40,120,66,54,10,0,0,0,1
2,0,1,261,3,0,1,1,3,4,1,1,0,25,22,1,0,1,61,16,120,38,21,20,0,0,0,2
2,0,1,262,3,0,1,2,1,1,0,4,0,17,1,1,0,1,88,20,60,39,26,10,0,0,0,1
2,0,1,263,3,0,2,1,0,1,1,4,0,1,25,1,0,1,215,37,120,96,42,30,0,0,0,2
2,0,1,264,3,0,2,1,1,2,0,4,0,17,9,1,0,1,114,22,60,58,23,20,0,0,0,2
2,0,1,265,3,0,2,1,1,4,1,4,0,25,22,1,1,1,58,18,30,38,20,10,0,91,78,1
2,0,1,266,3,0,2,1,1,5,1,2,0,25,22,1,1,1,71,9,60,48,14,30,1,48,13,1
2,0,1,267,3,0,2,1,1,1,0,4,0,2,22,1,0,1,88,13,60,37,20,30,1,0,0,2
2,0,1,268,3,0,2,1,1,1,1,1,0,25,22,1,0,1,38,9,120,12,14,10,0,0,0,2
2,0,1,269,3,0,3,1,1,1,0,1,0,22,2,1,1,1,94,57,120,48,65,30,0,91,40,2
2,0,1,270,3,0,3,1,1,1,0,4,0,1,2,1,0,1,197,85,120,118,99,20,1,0,0,2
2,0,1,271,3,0,3,1,1,2,1,2,0,17,2,1,0,1,184,127,30,80,139,10,0,0,0,2
2,0,1,272,3,0,3,1,1,3,0,1,0,1,17,1,0,1,120,52,120,101,68,30,0,0,0,2
2,0,1,273,3,0,3,1,1,3,0,2,0,25,2,1,1,1,194,80,60,85,95,10,0,96,85,2
2,0,1,274,3,0,3,1,1,3,0,3,0,15,1,1,1,1,116,58,120,46,65,30,1,60,40,2
2,0,1,275,3,0,3,1,1,1,0,1,0,17,1,1,0,1,111,47,60,74,70,30,1,0,0,1
2,0,1,276,3,0,3,1,1,5,0,1,0,22,25,1,1,1,60,46,120,36,57,20,0,52,20,1
2,0,1,277,3,0,3,1,1,2,0,1,0,1,22,1,0,1,206,108,30,92,128,30,1,0,0,2
2,0,1,278,3,0,3,1,3,4,0,4,0,25,1,1,1,1,233,148,60,78,198,30,0,247,80,2
2,0,1,279,3,0,3,1,3,1,1,4,0,25,1,1,0,1,208,111,60,89,132,10,0,0,0,1
2,0,1,280,3,0,3,1,3,2,0,1,0,25,22,1,1,1,56,40,60,33,58,30,1,56,45,1
2,0,1,281,3,0,3,1,3,2,0,2,0,22,25,1,1,1,43,33,120,22,38,30,0,65,24,2
2,0,1,282,3,0,3,1,3,3,0,1,0,23,25,1,1,1,87,61,60,70,76,30,1,56,65,3
2,0,1,283,3,0,3,1,3,2,0,1,0,1,22,1,1,1,245,97,60,108,114,20,0,170,130,2
2,0,1,284,3,0,3,1,3,1,1,1,0,22,25,1,0,1,43,33,30,24,40,30,0,0,0,2
2,0,1,285,3,0,4,1,0,1,0,4,0,23,25,1,1,1,180,39,60,136,42,20,0,150,39,2
2,0,1,286,3,0,4,1,0,2,0,1,0,1,25,1,1,1,226,67,30,97,77,10,1,168,65,3
2,0,1,287,3,0,4,1,0,2,1,1,0,25,1,1,0,1,200,74,60,100,84,20,1,0,0,2
2,0,1,288,3,0,4,1,0,2,1,1,0,25,1,1,0,1,200,67,120,90,77,30,0,0,0,1
2,0,1,289,3,0,4,1,3,3,0,2,0,17,1,1,0,1,80,22,30,31,26,10,1,0,0,2
2,0,1,290,3,0,5,1,1,2,0,4,0,1,22,1,1,1,286,50,120,138,80,10,1,234,136,1
2,0,1,291,3,0,5,1,1,2,0,4,0,1,25,1,1,1,196,50,30,85,80,20,0,168,92,1
2,0,1,292,3,0,5,1,1,3,0,3,0,1,22,1,1,1,185,45,30,77,60,10,1,128,95,2
2,0,1,293,3,0,5,1,1,3,0,2,0,22,1,1,1,1,232,45,30,84,80,20,0,221,115,1
2,0,1,294,3,0,5,1,1,4,0,1,0,2,17,1,0,1,172,50,30,53,65,30,1,0,0,2
2,0,1,295,3,0,6,1,0,1,1,4,1,22,17,1,0,1,219,2600,30,75,4160,20,0,0,0,1
2,0,1,296,3,0,6,1,0,2,0,1,1,2,1,1,0,1,143,3120,30,92,4160,20,1,0,0,1
2,0,1,297,3,0,6,1,0,2,0,4,1,10,1,1,0,1,120,2340,30,92,3380,30,0,0,0,1
2,0,1,298,3,0,6,1,0,4,0,2,1,2,22,1,1,1,82,2600,120,31,3380,20,0,80,52,3
2,0,1,299,3,0,6,1,1,1,0,1,1,9,2,1,0,1,138,2340,120,66,3380,20,1,0,0,1
2,0,1,300,3,0,6,1,1,1,0,1,1,22,25,1,0,1,86,2600,120,55,4160,10,1,0,0,1
2,0,1,301,3,0,6,1,1,1,0,1,1,25,10,1,0,1,102,2340,30,91,3120,10,1,0,0,2
2,0,1,302,3,0,6,1,1,1,0,4,1,25,2,1,0,1,153,2600,30,62,3120,10,0,0,0,2
2,0,1,303,3,0,6,1,1,1,1,1,1,17,2,1,0,1,161,2340,60,87,4160,30,1,0,0,1
2,0,1,304,3,0,6,1,1,1,1,1,1,22,25,1,1,1,102,2340,60,63,3120,20,0,70,52,2
2,0,1,305,3,0,6,1,1,1,1,4,1,22,2,1,0,1,276,2600,60,174,3380,10,0,0,0,1
2,0,1,306,3,0,6,1,1,2,1,1,1,1,2,1,1,1,147,3120,120,70,3120,30,1,110,80,2
2,0,1,307,3,0,6,1,1,2,1,1,1,2,1,1,0,1,73,3120,30,23,3120,10,0,0,0,2
2,0,1,308,3,0,6,1,1,2,1,1,1,2,25,1,0,1,114,2340,120,49,3120,30,0,0,0,1
2,0,1,309,3,0,6,1,1,2,1,2,1,25,1,1,0,1,200,2340,60,81,3380,10,0,0,0,1
2,0,1,310,3,0,6,1,1,3,1,1,1,17,1,1,0,1,124,3120,60,61,4160,30,0,0,0,2
2,0,1,311,3,0,6,1,1,3,1,2,1,10,1,1,1,1,141,2340,60,66,3120,20,0,100,78,2
2,0,1,312,3,0,6,1,1,3,1,2,1,17,1,1,0,1,102,2600,60,49,4160,30,0,0,0,1
2,0,1,313,3,0,6,1,1,4,1,3,1,1,2,1,0,1,120,3120,60,62,3120,20,0,0,0,2
2,0,1,314,3,0,6,1,1,5,0,2,1,1,17,1,0,1,80,3120,30,31,3120,10,0,0,0,1
2,0,1,315,3,0,6,1,1,5,1,2,1,1,25,1,0,1,221,3120,30,107,3120,10,0,0,0,1
2,0,1,316,3,0,6,1,1,2,0,1,1,2,1,1,0,1,95,2600,30,47,4160,20,0,0,0,1
2,0,1,317,3,0,6,1,1,4,0,1,1,22,21,1,1,1,470,2600,60,278,3380,10,0,168,130,3
2,0,1,318,3,0,6,1,1,5,1,2,1,2,22,1,1,1,112,3120,120,40,3120,30,1,70,30,1
2,0,1,319,3,0,6,1,1,5,1,4,1,2,22,1,0,1,121,3120,120,66,3380,20,0,0,0,2
2,0,1,320,3,0,6,1,1,3,0,4,1,2,1,1,1,1,87,3120,60,39,3380,10,1,80,40,3
2,0,1,321,3,0,6,1,3,2,1,3,1,1,23,1,1,1,217,2600,60,109,4160,30,0,180,50,1
2,0,1,322,3,0,6,1,3,5,0,4,1,25,1,1,1,1,341,2600,60,149,3380,10,0,216,95,1
2,0,1,323,3,0,6,2,1,3,0,3,1,22,2,1,1,1,75,2600,30,27,4160,20,0,56,44,1
2,0,1,324,3,0,6,2,1,1,0,4,1,23,2,1,0,1,155,2340,120,97,4160,10,0,0,0,2
2,0,1,325,3,0,7,1,1,1,0,1,1,1,2,1,0,1,125,1665,30,81,2405,30,0,0,0,1
2,0,1,326,3,0,7,1,1,1,1,1,1,1,2,1,1,1,167,1665,60,89,2220,20,0,90,65,1
2,0,1,327,3,0,7,1,1,1,1,1,1,1,17,1,0,1,111,2220,120,41,2220,30,1,0,0,2
2,0,1,328,3,0,7,1,1,1,1,1,1,1,17,1,1,1,75,1665,120,54,2960,10,0,50,20,3
2,0,1,329,3,0,7,1,1,1,1,1,1,17,2,1,0,1,202,1665,30,119,2960,20,0,0,0,1
2,0,1,330,3,0,7,1,1,2,1,1,1,2,9,1,0,1,140,1665,60,89,2405,10,0,0,0,2
2,0,1,331,3,0,7,1,1,5,0,1,1,17,1,1,0,1,130,1850,30,62,2220,10,0,0,0,1
2,0,1,332,3,0,7,1,1,1,0,4,1,17,3,1,0,1,165,1665,60,86,2220,20,0,0,0,1
2,0,1,333,3,0,7,2,0,1,0,1,1,17,1,1,0,1,88,1665,30,47,2405,30,0,0,0,1
2,0,1,334,3,0,7,2,1,1,0,1,1,17,1,1,0,1,95,2220,30,46,2220,10,0,0,0,2
2,0,1,335,3,0,7,2,1,1,1,1,1,2,1,1,1,1,144,2220,60,86,2220,20,0,80,32,2
2,0,1,336,3,0,7,2,1,1,1,1,1,25,23,1,0,1,109,1850,30,83,2405,30,1,0,0,1
2,0,1,337,3,0,8,2,1,1,0,1,0,25,22,1,0,1,61,251,30,30,272,30,0,0,0,2
2,0,1,338,3,0,10,1,1,1,0,4,0,25,22,1,0,1,71,116,30,42,139,10,0,0,0,2
2,0,1,339,3,0,10,1,1,5,0,1,0,1,2,1,0,1,100,216,120,49,281,20,0,0,0,2
2,0,1,340,3,0,10,1,1,1,1,1,0,22,25,1,0,1,73,49,30,58,70,30,0,0,0,1
2,0,1,341,3,0,10,1,1,4,1,1,0,25,22,1,1,1,55,40,60,33,57,10,0,58,39,1
2,0,1,342,3,1,1,1,0,3,0,3,0,17,2,1,1,1,183,79,120,88,90,30,0,182,68,2
2,0,1,343,3,1,1,1,0,5,1,3,0,22,2,1,1,1,108,53,120,57,58,30,0,56,52,2
2,0,1,344,3,1,1,1,1,2,1,2,0,1,17,1,1,1,151,41,60,102,53,10,0,78,45,2
2,0,1,345,3,1,1,1,1,2,1,3,0,1,2,1,1,1,139,61,60,88,74,10,0,130,130,2
2,0,1,346,3,1,1,1,1,2,1,4,0,25,10,1,0,1,91,54,120,86,60,20,0,0,0,2
2,0,1,347,3,1,1,1,1,3,1,2,0,1,2,1,0,1,102,60,120,51,76,20,0,0,0,2
2,0,1,348,3,1,1,1,1,3,1,2,0,1,10,1,1,1,192,67,120,114,78,20,1,120,64,2
2,0,1,349,3,1,1,1,1,4,0,2,0,9,22,1,0,1,283,119,30,130,137,30,0,0,0,2
2,0,1,350,3,1,1,1,1,4,0,4,0,22,1,1,1,1,164,88,120,64,97,30,0,144,123,2
2,0,1,351,3,1,1,1,1,5,0,4,0,17,2,1,1,1,97,97,120,44,99,20,0,234,100,1
2,0,1,352,3,1,1,1,1,2,0,2,0,25,2,1,1,1,153,61,120,72,84,10,0,110,52,2
2,0,1,353,3,1,1,1,1,3,0,4,0,23,1,1,1,1,246,131,60,107,165,30,0,221,76,2
2,0,1,354,3,1,1,1,1,3,1,4,0,20,25,1,1,1,300,142,30,125,161,30,0,144,214,2
2,0,1,355,3,1,1,1,1,5,1,3,0,2,25,1,1,1,146,97,60,85,105,10,1,150,72,3
2,0,1,356,3,1,1,1,1,5,1,4,0,1,2,1,1,1,106,58,60,58,81,30,1,72,71,1
2,0,1,357,3,1,1,1,3,1,0,1,0,18,25,1,0,1,262,127,30,125,146,30,1,0,0,2
2,0,1,358,3,1,2,1,1,2,0,1,0,17,1,1,0,1,101,26,60,38,41,30,0,0,0,1
2,0,1,359,3,1,3,1,0,2,0,2,0,17,1,1,0,1,111,89,30,44,111,30,0,0,0,1
2,0,1,360,3,1,3,1,1,3,0,2,0,22,1,1,1,1,179,158,30,71,181,10,1,96,95,3
2,0,1,361,3,1,3,1,1,3,1,3,0,1,2,1,0,1,175,163,120,95,169,30,1,0,0,2
2,0,1,362,3,1,3,1,1,3,1,3,0,2,17,1,1,1,220,211,60,84,281,30,0,182,68,1
2,0,1,363,3,1,3,1,1,4,0,4,0,22,2,1,1,1,108,85,60,36,108,10,0,56,45,3
2,0,1,364,3,1,3,1,3,2,0,4,0,2,25,1,0,1,115,163,30,45,210,20,1,0,0,1
2,0,1,365,3,1,3,1,3,4,1,3,0,10,1,1,1,1,123,153,60,98,167,20,1,143,200,2
2,0,1,366,3,1,3,1,3,4,1,1,0,23,25,1,1,1,77,89,30,63,106,30,0,70,40,3
2,0,1,367,3,1,5,1,1,4,0,3,0,17,2,1,1,1,158,75,120,60,100,30,0,182,64,2
2,0,1,368,3,1,5,1,1,5,0,4,0,22,1,1,0,1,230,75,30,122,100,10,1,0,0,1
2,0,1,369,3,1,5,1,1,5,1,2,0,22,1,1,1,1,192,100,60,61,133,30,0,260,116,1
2,0,1,370,3,1,6,1,0,5,1,1,1,2,18,1,0,1,186,5040,120,131,5460,20,0,0,0,1
2,0,1,371,3,1,6,1,1,4,1,3,1,2,1,1,0,1,128,5040,120,56,5040,30,1,0,0,2
2,0,1,372,3,1,6,1,1,4,1,3,1,2,1,1,1,1,130,5040,30,63,5460,30,0,64,91,2
2,0,1,373,3,1,6,1,1,5,0,1,1,1,15,1,0,1,137,5040,120,63,5040,30,1,0,0,1
2,0,1,374,3,1,6,1,1,5,0,4,1,19,1,1,0,1,172,3780,120,114,6720,10,0,0,0,1
2,0,1,375,3,1,6,1,1,4,0,4,1,2,22,1,1,1,91,3780,60,40,5460,10,0,104,71,1
2,0,1,376,3,1,6,1,1,4,0,4,1,23,2,1,0,1,135,4200,60,96,5040,20,1,0,0,2
2,0,1,377,3,1,6,1,1,4,1,3,1,2,19,1,1,1,159,4200,120,82,6720,10,1,117,78,1
2,0,1,378,3,1,6,1,1,4,1,3,1,15,2,1,1,1,221,3780,60,72,5040,20,0,140,117,1
2,0,1,379,3,1,6,1,1,3,1,3,1,2,17,1,0,1,157,3780,120,104,6720,10,0,0,0,1
2,0,1,380,3,1,6,2,0,2,0,1,1,17,2,1,0,1,157,4200,120,53,5460,20,0,0,0,2
2,0,1,381,3,1,6,2,3,2,1,1,1,2,20,1,0,1,209,4200,120,127,6720,10,1,0,0,2
2,0,1,382,3,1,6,3,1,5,1,3,1,2,17,1,0,1,174,4200,30,76,6720,20,0,0,0,2
2,0,1,383,3,1,7,1,1,5,0,1,1,1,2,1,0,1,85,2900,120,34,3770,20,0,0,0,1
2,0,1,384,3,1,7,1,1,5,0,1,1,2,17,1,0,1,148,2610,120,107,3480,30,0,0,0,1
2,0,1,385,3,1,7,1,1,5,0,1,1,15,2,1,0,1,220,3480,60,84,4640,30,0,0,0,1
2,0,1,386,3,1,7,1,1,5,0,1,1,17,2,1,0,1,157,3480,120,67,4640,10,0,0,0,1
2,0,1,387,3,1,7,1,1,5,0,1,1,25,23,1,1,1,84,2610,60,66,4640,30,1,64,58,1
2,0,1,388,3,1,7,1,1,5,0,4,1,22,25,1,0,1,58,2900,30,37,4640,20,0,0,0,1
2,0,1,389,3,1,7,1,1,5,1,1,1,23,25,1,1,1,128,2900,60,86,3770,10,0,112,400,1
2,0,1,390,3,1,7,1,1,5,1,2,1,25,22,1,1,1,58,2610,60,36,3770,10,0,52,78,2
2,0,1,391,3,1,8,1,0,4,0,2,0,25,22,1,1,1,133,163,120,119,212,20,0,90,65,3
2,0,1,392,3,1,8,1,1,3,1,2,1,1,17,1,1,1,90,1286,60,41,2286,30,1,56,52,1
2,0,1,393,3,1,8,1,1,3,1,3,0,22,25,1,1,1,54,184,120,33,245,30,0,78,56,1
2,0,1,394,3,1,10,1,1,2,1,2,0,2,15,1,1,1,197,576,120,112,768,10,0,144,150,2
2,0,1,395,3,1,10,1,1,4,0,3,0,1,20,1,0,1,145,222,30,99,355,20,0,0,0,2
2,0,1,396,3,1,10,1,1,3,1,2,0,2,25,1,1,1,116,70,120,57,93,10,0,96,80,2
2,0,1,397,4,0,1,1,1,5,0,1,0,1,15,1,0,1,132,26,30,93,38,20,0,0,0,1
2,0,1,398,4,0,2,1,1,1,0,1,0,2,22,1,0,1,138,20,30,83,23,10,1,0,0,2
2,0,1,399,4,0,7,1,1,5,1,1,1,1,2,1,0,1,123,1850,120,76,2405,20,0,0,0,1
2,0,1,400,5,0,1,2,1,4,0,2,0,2,1,1,1,1,97,38,30,51,50,20,0,72,36,2
2,0,1,401,5,0,1,3,1,3,1,2,0,2,1,1,1,1,97,35,120,46,42,30,0,48,65,2
2,0,1,402,5,0,2,1,3,2,1,1,0,1,2,1,0,1,105,29,30,60,35,20,1,0,0,1
2,0,1,403,5,0,5,2,1,2,1,2,0,17,2,1,1,1,220,45,120,81,65,20,1,120,68,2
2,0,1,404,5,0,5,3,1,4,1,2,0,22,1,1,1,1,268,50,60,112,65,10,0,136,95,2
2,0,1,405,5,0,6,1,1,3,0,2,1,2,17,1,1,1,161,3120,120,79,3120,30,1,100,60,2
2,0,1,406,5,0,6,1,1,3,1,2,1,1,2,1,1,1,109,2600,120,58,3120,30,0,64,65,2
2,0,1,407,5,0,6,2,1,4,0,2,1,2,15,1,1,1,159,3120,120,69,4160,10,0,112,90,1
2,0,1,408,5,0,6,3,1,2,1,1,1,2,1,1,1,1,114,2340,60,66,4160,30,1,72,78,2
2,0,1,409,5,0,6,3,1,3,1,2,1,2,1,1,1,1,131,3120,30,57,3380,30,0,72,65,2
2,0,1,410,5,1,1,2,1,3,1,3,0,2,1,1,1,1,85,60,30,27,74,30,1,117,48,1
2,0,1,411,5,1,1,2,1,4,1,3,0,2,15,1,1,1,164,84,30,66,118,20,0,112,72,2
2,0,1,412,5,1,6,2,1,2,0,2,1,1,17,1,1,1,90,5040,30,41,5040,10,0,91,45,2
2,0,1,413,5,1,6,2,1,3,1,3,1,2,17,1,1,1,206,5040,30,109,6720,20,1,150,123,2
2,0,1,414,5,1,6,2,1,4,1,3,1,2,1,1,1,1,106,4200,30,41,5040,10,0,90,140,2
2,0,1,415,5,1,10,2,1,4,1,3,0,2,1,1,1,1,95,415,60,51,498,20,1,104,120,2
2,0,1,416,6,0,1,1,0,3,1,3,0,25,23,1,1,1,116,34,30,103,40,30,0,120,75,1
2,0,1,417,6,0,1,2,0,4,0,2,0,17,1,1,1,1,145,29,60,92,40,30,0,110,40,2
2,0,1,418,6,0,2,1,0,2,0,1,0,25,22,1,1,1,71,11,60,47,16,30,0,85,15,2
2,0,1,419,6,0,2,1,1,3,1,2,0,25,22,1,1,1,77,13,120,55,16,30,0,56,19,3
2,0,1,420,6,1,2,2,1,1,1,4,0,1,2,1,1,1,110,49,60,66,53,10,1,90,20,2
2,0,1,421,6,1,6,2,1,3,1,3,1,2,1,1,1,1,132,5040,120,77,5460,20,0,117,50,1
2,0,1,422,6,1,6,2,1,3,1,3,1,2,22,1,1,1,82,5040,60,24,5040,20,0,56,112,2
2,0,1,423,7,0,1,1,0,2,1,4,0,25,1,1,0,1,235,77,30,121,82,10,0,0,0,2
2,0,1,424,7,0,1,1,0,4,0,2,0,2,1,1,1,1,85,43,60,38,50,10,1,80,36,2
2,0,1,425,7,0,1,1,1,1,0,1,0,20,19,1,1,1,190,66,120,115,80,10,1,234,110,2
2,0,1,426,7,0,1,1,1,1,1,1,0,1,2,1,1,1,114,48,60,56,50,20,0,72,48,2
2,0,1,427,7,0,1,2,3,1,1,4,0,23,25,1,0,1,162,38,30,136,42,30,1,0,0,1
2,0,1,428,7,0,1,3,1,4,0,3,0,25,2,1,1,1,119,36,120,54,42,30,0,143,64,2
2,0,1,429,7,0,3,1,1,2,0,2,0,2,9,1,1,1,118,83,60,78,91,20,1,117,60,2
2,0,1,430,7,0,3,2,0,3,0,2,0,25,10,1,1,1,126,82,30,96,86,30,0,80,195,3
2,0,1,431,7,0,6,1,1,2,1,1,1,1,17,1,1,1,127,2340,60,78,3380,10,0,117,52,2
2,0,1,432,7,0,6,1,1,1,1,1,1,1,17,1,1,1,126,2340,120,63,3380,20,1,48,28,1
2,0,1,433,7,0,7,1,1,1,1,1,1,1,2,1,0,1,130,1665,60,79,2405,10,0,0,0,1
2,0,1,434,7,0,7,1,1,2,0,1,1,2,1,1,0,1,133,2220,30,85,2220,10,0,0,0,2
2,0,1,435,7,0,7,1,3,1,1,1,1,2,1,1,0,1,170,1665,30,90,2960,20,0,0,0,1
2,0,1,436,7,1,1,1,0,2,1,2,0,18,25,1,1,1,253,120,60,142,161,30,1,224,260,2
2,0,1,437,7,1,3,1,3,3,1,2,0,1,25,1,1,1,267,196,120,109,245,20,1,160,80,3
2,0,1,438,7,1,10,1,3,2,0,4,0,1,20,1,0,1,76,36,30,63,36,10,0,0,0,2
2,0,1,439,8,1,3,1,1,3,1,3,0,2,1,1,1,1,121,156,30,48,169,30,0,72,71,2
2,0,1,440,9,0,2,1,1,2,0,1,0,23,25,1,1,1,93,16,30,69,18,10,1,72,20,2
2,0,1,441,9,0,10,1,1,1,1,1,0,17,1,1,0,1,115,6,120,62,6,20,0,0,0,2
3,1,1,442,1,0,1,0,0,4,1,0,0,22,2,1,1,1,89,30,30,38,43,20,0,70,52,2
3,1,1,443,1,0,1,1,0,2,1,1,0,22,17,1,1,1,245,66,30,104,94,20,0,184,116,3
3,1,1,444,1,0,1,1,0,2,1,2,0,22,2,1,1,1,105,31,30,54,45,20,0,70,58,2
3,1,1,445,1,0,1,1,0,3,0,1,0,25,22,1,1,1,61,19,60,32,31,30,0,65,24,1
3,1,1,446,1,0,1,1,0,3,0,2,0,22,2,1,1,1,99,31,30,52,36,10,0,91,52,2
3,1,1,447,1,0,1,1,0,4,1,3,0,2,22,1,1,1,104,23,120,46,36,10,0,80,32,2
3,1,1,448,1,0,1,1,1,2,1,2,0,22,2,1,1,1,117,35,30,59,40,30,0,130,48,2
3,1,1,449,1,0,1,1,1,2,1,2,0,22,14,1,1,1,249,52,60,149,64,10,0,234,130,2
3,1,1,450,1,0,1,1,1,3,0,2,0,1,2,1,1,1,119,50,120,70,54,20,0,130,60,2
3,1,1,451,1,0,1,2,0,2,0,1,0,22,17,1,1,1,280,56,60,188,74,30,0,160,162,2
3,1,1,452,1,0,1,2,0,4,1,3,0,2,1,1,1,1,82,26,60,60,53,20,0,56,32,1
3,1,1,453,1,0,1,2,1,2,0,2,0,25,1,1,1,1,200,74,120,71,82,20,0,325,160,2
3,1,1,454,1,0,1,3,0,2,0,2,0,22,1,1,1,1,164,62,30,64,82,20,0,200,149,3
3,1,1,455,1,0,1,3,0,4,1,2,0,25,2,1,1,1,146,48,30,49,53,30,0,96,91,2
3,1,1,456,1,0,3,1,0,2,1,2,0,25,10,1,1,1,103,57,30,92,63,10,0,72,55,3
3,1,1,457,1,0,3,1,0,2,1,3,0,22,2,1,1,1,103,45,60,34,52,20,0,70,58,2
3,1,1,458,1,0,3,1,0,3,1,2,0,2,19,1,1,1,109,96,120,69,123,10,0,80,60,3
3,1,1,459,1,0,3,1,0,3,1,3,0,22,1,1,1,1,188,111,30,76,132,30,0,221,76,2
3,1,1,460,1,0,3,1,0,3,1,3,0,25,22,1,1,1,138,39,60,120,57,30,0,32,39,3
3,1,1,461,1,0,3,1,0,1,1,1,0,22,2,1,1,1,82,50,30,34,76,20,0,56,28,3
3,1,1,462,1,0,3,1,0,3,0,1,0,2,22,1,1,1,149,62,60,75,90,30,0,91,32,3
3,1,1,463,1,0,3,1,0,3,1,3,0,22,2,1,1,1,138,64,120,94,90,10,0,56,40,3
3,1,1,464,1,0,3,1,0,4,1,2,0,2,1,1,1,1,106,84,60,41,111,30,0,117,44,3
3,1,1,465,1,0,3,1,1,1,1,1,0,25,1,1,1,1,236,111,60,71,128,20,0,210,156,2
3,1,1,466,1,0,3,1,1,2,1,2,0,2,1,1,1,1,103,75,120,63,86,30,0,130,48,2
3,1,1,467,1,0,3,1,1,3,0,2,0,1,2,1,1,1,119,91,120,64,103,20,0,130,70,2
3,1,1,468,1,0,3,1,1,3,1,2,0,22,3,1,1,1,161,77,60,110,90,10,0,182,123,2
3,1,1,469,1,0,3,2,0,2,1,3,0,25,22,1,1,1,61,30,60,30,37,20,0,50,39,2
3,1,1,470,1,0,3,2,0,3,1,2,0,22,9,1,1,1,171,111,30,81,149,20,0,136,108,2
3,1,1,471,1,0,3,2,1,2,1,3,0,22,1,1,1,1,173,95,60,77,132,30,0,136,143,2
3,1,1,472,1,0,3,2,1,3,1,4,0,2,18,1,1,1,151,130,120,116,156,10,0,136,110,2
3,1,1,473,1,0,3,3,0,3,1,3,0,22,21,1,1,1,355,145,30,288,165,30,0,230,165,2
3,1,1,474,1,0,3,3,0,5,0,1,0,22,2,1,1,1,102,53,60,47,80,30,0,70,40,3
3,1,1,475,1,0,3,3,0,3,0,2,0,25,2,1,1,1,125,96,60,44,99,20,0,88,64,3
3,1,1,476,1,0,3,3,0,4,1,2,0,25,19,1,1,1,1022,137,120,785,144,30,0,200,130,2
3,1,1,477,1,1,1,1,0,2,0,2,0,22,2,1,1,1,205,74,60,117,81,10,0,80,60,3
3,1,1,478,1,1,1,1,0,2,1,3,0,25,1,1,1,1,236,126,30,71,140,30,0,152,214,3
3,1,1,479,1,1,1,1,0,3,1,2,0,25,22,1,1,1,54,29,60,30,44,30,0,40,30,2
3,1,1,480,1,1,1,1,0,2,1,2,0,25,1,1,1,1,182,126,60,71,140,10,0,210,100,2
3,1,1,481,1,1,1,1,0,4,1,3,0,22,25,1,1,1,51,26,60,28,38,30,0,32,45,3
3,1,1,482,1,1,1,1,1,4,1,3,0,22,1,1,1,1,303,81,120,167,99,20,0,136,88,3
3,1,1,483,1,1,1,1,1,2,1,2,0,2,1,1,1,1,116,68,30,74,90,20,0,80,56,3
3,1,1,484,1,1,1,2,0,2,1,3,0,17,1,1,1,1,119,32,30,88,60,20,0,78,30,2
3,1,1,485,1,1,1,2,0,3,1,2,0,25,2,1,1,1,142,68,120,72,76,30,0,88,97,2
3,1,1,486,1,1,1,2,0,3,1,3,0,22,1,1,1,1,277,90,120,133,127,10,0,221,162,2
3,1,1,487,1,1,1,2,0,3,1,3,0,22,1,1,1,1,227,108,30,81,122,30,0,136,136,2
3,1,1,488,1,1,1,2,0,3,1,3,0,22,2,1,1,1,103,50,30,34,65,30,0,56,58,2
3,1,1,489,1,1,1,2,0,4,1,2,0,22,9,1,1,1,275,126,30,123,137,30,0,160,175,2
3,1,1,490,1,1,1,2,0,3,1,3,0,22,1,1,1,1,199,97,30,108,133,20,0,144,92,3
3,1,1,491,1,1,1,2,0,3,1,2,0,10,1,1,1,1,143,89,30,92,109,20,0,120,91,2
3,1,1,492,1,1,1,2,1,3,1,3,0,22,1,1,1,1,212,92,60,130,105,20,0,234,105,2
3,1,1,493,1,1,1,3,0,3,1,3,0,2,1,1,1,1,91,58,120,45,68,30,0,117,48,2
3,1,1,494,1,1,1,3,0,3,1,3,0,25,12,1,1,1,175,81,60,112,105,30,0,152,201,3
3,1,1,495,1,1,3,1,0,3,1,2,0,2,1,1,1,1,127,184,120,72,194,20,0,169,70,3
3,1,1,496,1,1,3,1,0,3,1,3,0,22,1,1,1,1,154,200,120,99,218,20,0,182,95,3
3,1,1,497,1,1,3,1,1,3,1,3,0,17,13,1,1,1,255,153,120,172,176,10,0,182,104,3
3,1,1,498,1,1,3,1,1,3,0,3,0,25,3,1,1,1,197,158,120,116,210,10,0,180,88,3
3,1,1,499,1,1,3,2,0,2,1,3,0,22,1,1,1,1,176,211,30,76,281,20,0,170,143,3
3,1,1,500,1,1,3,2,0,3,1,3,0,22,1,1,1,1,225,221,120,139,225,30,0,160,105,2
3,1,1,501,1,1,3,2,0,3,1,3,0,22,1,1,1,1,193,211,60,64,281,30,0,221,108,2
3,1,1,502,1,1,3,2,0,4,1,3,0,2,1,1,1,1,136,145,30,85,194,20,0,90,78,3
3,1,1,503,1,1,3,2,0,4,1,3,0,22,19,1,1,1,191,128,60,140,142,10,0,169,104,2
3,1,1,504,1,1,3,2,0,3,1,3,0,25,12,1,1,1,230,217,120,112,218,30,0,170,110,3
3,1,1,505,1,1,3,2,0,4,1,2,0,22,17,1,1,1,260,225,120,112,274,20,0,220,240,2
3,1,1,506,1,1,3,2,1,3,1,2,0,22,17,1,1,1,265,262,60,156,274,20,0,176,92,3
3,1,1,507,1,1,3,2,1,3,1,3,0,25,10,1,1,1,147,111,30,115,121,10,0,90,48,3
3,1,1,508,1,1,3,2,1,3,1,2,0,22,1,1,1,1,193,184,30,79,218,30,0,273,88,2
3,1,1,509,1,1,3,3,0,3,1,3,0,22,1,1,1,1,193,176,120,56,245,10,0,221,143,2
3,1,1,510,1,1,6,1,0,2,1,3,0,22,1,1,1,1,174,17,120,60,31,10,0,170,76,2
3,1,1,511,1,1,6,1,0,3,1,3,0,2,1,1,1,1,86,19,60,44,23,20,0,143,75,2
3,1,1,512,2,0,1,1,0,4,1,2,0,22,17,1,1,1,240,77,30,90,86,10,0,299,182,2
3,1,1,513,2,0,1,1,0,4,1,3,0,22,2,1,1,1,98,28,30,43,32,10,0,56,50,1
3,1,1,514,2,0,1,1,1,1,0,2,0,22,12,1,1,1,246,49,60,151,53,10,0,112,95,3
3,1,1,515,2,0,1,1,1,3,1,2,0,2,1,1,1,1,168,46,120,120,50,30,0,88,78,3
3,1,1,516,2,0,1,1,1,4,1,2,0,2,1,1,1,1,124,48,60,66,49,20,0,72,48,3
3,1,1,517,2,0,1,1,1,5,1,2,0,22,2,1,1,1,138,46,120,100,53,10,0,88,70,2
3,1,1,518,2,0,1,1,1,5,1,2,0,1,22,1,1,1,188,56,120,88,62,30,0,136,130,2
3,1,1,519,2,0,3,1,0,5,1,1,0,17,2,1,1,1,170,99,120,68,123,20,0,140,104,2
3,1,1,520,2,0,3,1,0,3,1,3,0,25,12,1,1,1,219,127,30,149,156,20,0,170,149,3
3,1,1,521,2,0,3,1,0,2,1,2,0,25,10,1,1,1,93,68,120,89,76,20,0,90,71,3
3,1,1,522,2,0,3,1,0,2,0,2,0,25,2,1,1,1,146,72,60,49,83,20,0,120,104,2
3,1,1,523,2,0,3,1,1,2,0,2,0,22,1,1,1,1,168,133,60,80,149,10,0,180,76,3
3,1,1,524,2,0,3,1,1,4,1,2,0,2,1,1,1,1,103,72,60,60,98,30,0,80,78,1
3,1,1,525,2,0,3,1,1,4,1,4,0,25,2,1,1,1,142,96,60,61,103,20,0,96,60,3
3,1,1,526,2,0,3,3,1,2,1,2,0,25,17,1,1,1,375,156,30,140,172,10,0,290,172,3
3,1,1,527,2,0,6,1,1,2,0,2,0,1,25,1,1,1,269,12,60,93,15,10,0,168,115,2
3,1,1,528,2,0,6,1,1,3,1,2,0,2,1,1,1,1,92,12,120,41,14,30,0,64,65,2
3,1,1,529,2,1,1,0,0,3,1,0,0,2,22,1,1,1,82,38,120,34,44,30,0,91,32,2
3,1,1,530,2,1,1,1,0,5,1,3,0,25,1,1,1,1,236,126,60,81,168,30,0,273,112,3
3,1,1,531,2,1,1,1,1,2,0,0,0,22,1,1,1,1,193,79,120,64,97,20,0,136,84,2
3,1,1,532,2,1,1,1,1,3,0,1,0,10,18,1,1,1,238,87,120,147,99,20,0,168,100,3
3,1,1,533,2,1,1,1,1,3,1,3,0,19,25,1,1,1,250,76,30,132,97,20,0,195,95,2
3,1,1,534,2,1,1,1,1,4,1,2,0,1,25,1,1,1,272,131,120,95,140,30,0,220,135,2
3,1,1,535,2,1,1,3,1,3,1,2,0,17,25,1,1,1,272,112,60,143,155,30,0,210,160,2
3,1,1,536,2,1,3,0,0,3,0,0,0,22,2,1,1,1,122,109,120,64,147,10,0,110,72,3
3,1,1,537,2,1,3,1,0,4,0,4,0,25,10,1,1,1,109,109,120,85,130,20,0,91,50,3
3,1,1,538,2,1,3,1,1,4,1,3,0,25,10,1,1,1,133,117,30,122,130,10,0,72,55,3
3,1,1,539,2,1,3,3,0,4,1,2,0,25,10,1,1,1,103,97,60,94,111,10,0,143,84,2
3,1,1,540,2,1,6,1,1,3,1,3,0,9,10,1,1,1,155,17,120,129,23,30,0,169,64,2
3,1,1,541,3,0,1,0,0,3,0,0,0,2,22,1,1,1,95,28,30,54,32,30,0,90,50,2
3,1,1,542,3,0,1,0,0,3,1,0,0,2,25,1,1,1,125,40,120,55,45,30,0,112,123,2
3,1,1,543,3,0,1,0,0,3,1,0,0,22,1,1,1,1,150,47,120,56,53,30,0,221,84,2
3,1,1,544,3,0,1,0,0,3,1,0,0,25,2,1,1,1,169,48,60,78,62,30,0,143,56,2
3,1,1,545,3,0,1,1,0,3,1,3,0,22,2,1,1,1,126,29,30,47,42,20,0,117,55,2
3,1,1,546,3,0,1,1,0,2,1,2,0,19,25,1,1,1,280,51,60,164,57,20,0,210,162,2
3,1,1,547,3,0,1,1,0,3,1,2,0,25,10,1,1,1,120,29,120,94,32,20,0,80,52,2
3,1,1,548,3,0,1,1,0,4,1,2,0,2,1,1,1,1,92,42,60,34,46,20,0,72,40,2
3,1,1,549,3,0,1,1,1,2,0,2,0,22,2,1,1,1,103,25,60,31,32,10,0,56,40,2
3,1,1,550,3,0,1,1,1,2,1,2,0,1,2,1,1,1,106,35,30,41,42,10,0,80,36,3
3,1,1,551,3,0,1,1,1,2,1,2,0,2,17,1,1,1,181,38,30,128,40,10,0,96,60,3
3,1,1,552,3,0,1,1,1,3,1,1,0,17,2,1,1,1,217,54,60,142,64,30,0,143,48,2
3,1,1,553,3,0,1,1,1,3,1,2,0,1,22,1,1,1,196,64,60,82,66,20,0,136,84,2
3,1,1,554,3,0,1,1,1,3,1,3,0,2,1,1,1,1,125,34,120,55,43,20,0,80,48,3
3,1,1,555,3,0,1,1,1,4,1,2,0,25,9,1,1,1,201,64,120,85,78,20,0,220,188,2
3,1,1,556,3,0,1,2,0,2,0,2,0,1,17,1,1,1,98,22,30,45,26,10,0,48,40,2
3,1,1,557,3,0,1,2,0,2,1,2,0,2,17,1,1,1,214,47,120,75,56,20,0,112,60,3
3,1,1,558,3,0,1,2,0,2,1,2,0,22,1,1,1,1,199,49,120,85,70,10,0,170,76,2
3,1,1,559,3,0,1,2,0,2,1,3,0,2,1,1,1,1,130,48,120,52,50,30,0,100,60,2
3,1,1,560,3,0,1,2,0,2,1,3,0,2,17,1,1,1,205,49,60,55,58,10,0,112,80,3
3,1,1,561,3,0,1,2,0,3,1,2,0,22,1,1,1,1,171,44,60,139,56,30,0,144,123,3
3,1,1,562,3,0,1,2,0,3,1,3,0,22,2,1,1,1,82,25,60,38,29,20,0,117,55,2
3,1,1,563,3,0,1,2,0,2,1,2,0,17,2,1,1,1,120,42,120,74,49,20,0,110,84,2
3,1,1,564,3,0,1,2,0,2,1,3,0,2,1,1,1,1,164,39,120,112,52,10,0,100,44,2
3,1,1,565,3,0,1,2,1,2,1,1,0,17,2,1,1,1,114,38,60,68,50,30,0,88,91,3
3,1,1,566,3,0,1,2,1,2,1,2,0,1,22,1,1,1,194,65,60,103,74,10,0,160,84,2
3,1,1,567,3,0,1,2,1,2,1,2,0,2,1,1,1,1,128,42,60,50,49,10,0,80,65,3
3,1,1,568,3,0,1,2,1,2,1,2,0,2,1,1,1,1,159,50,30,80,53,30,0,88,71,3
3,1,1,569,3,0,1,2,1,2,1,2,0,2,17,1,1,1,205,44,30,55,64,20,0,195,85,2
3,1,1,570,3,0,1,2,1,2,1,2,0,2,17,1,1,1,233,50,120,145,64,10,0,182,104,2
3,1,1,571,3,0,1,2,1,2,1,3,0,22,1,1,1,1,150,52,60,64,57,20,0,221,125,2
3,1,1,572,3,0,1,2,1,3,0,3,0,22,1,1,1,1,188,53,120,91,64,20,0,200,162,2
3,1,1,573,3,0,1,2,1,3,1,2,0,1,2,1,1,1,176,46,60,124,57,30,0,130,65,2
3,1,1,574,3,0,1,2,1,3,1,2,0,1,2,1,1,1,95,36,30,50,50,20,0,64,52,3
3,1,1,575,3,0,1,2,1,3,1,2,0,2,1,1,1,1,131,38,30,60,43,10,0,90,40,3
3,1,1,576,3,0,1,2,1,3,1,2,0,22,18,1,1,1,234,79,30,183,91,20,0,270,234,3
3,1,1,577,3,0,1,2,1,3,1,3,0,1,2,1,1,1,184,43,30,102,56,20,0,169,80,2
3,1,1,578,3,0,1,2,1,3,1,3,0,2,17,1,1,1,214,49,30,101,56,10,0,128,110,3
3,1,1,579,3,0,1,2,1,4,1,3,0,2,25,1,1,1,225,58,120,115,58,30,0,150,90,2
3,1,1,580,3,0,1,2,1,2,1,2,0,17,2,1,1,1,168,49,60,118,62,30,0,120,80,3
3,1,1,581,3,0,1,2,1,3,1,2,0,23,1,1,1,1,339,56,120,184,66,20,0,176,144,2
3,1,1,582,3,0,1,2,1,4,1,2,0,22,1,1,1,1,193,47,120,64,57,20,0,136,76,2
3,1,1,583,3,0,1,2,1,4,1,3,0,2,25,1,1,1,205,48,120,139,54,20,0,140,123,2
3,1,1,584,3,0,1,2,1,3,1,4,0,2,20,1,1,1,133,40,60,93,53,30,0,96,91,2
3,1,1,585,3,0,1,3,0,2,0,2,0,1,2,1,1,1,128,50,120,76,53,20,0,143,60,2
3,1,1,586,3,0,1,3,0,2,1,3,0,2,1,1,1,1,116,34,30,61,40,10,0,64,50,2
3,1,1,587,3,0,1,3,0,3,1,3,0,17,2,1,1,1,159,44,60,55,64,30,0,120,123,2
3,1,1,588,3,0,1,3,0,4,1,3,0,25,22,1,1,1,69,16,30,50,20,30,0,50,25,2
3,1,1,589,3,0,1,3,0,5,1,2,0,1,22,1,1,1,181,62,60,135,64,20,0,120,68,3
3,1,1,590,3,0,1,3,1,3,1,3,0,2,20,1,1,1,252,50,30,160,64,20,0,221,95,2
3,1,1,591,3,0,1,3,1,2,1,2,0,1,22,1,1,1,164,47,30,56,53,10,0,136,105,2
3,1,1,592,3,0,1,3,1,3,1,3,0,22,1,1,1,1,221,45,60,143,50,20,0,160,117,2
3,1,1,593,3,0,3,0,0,2,1,0,0,2,1,1,1,1,157,96,120,74,99,30,0,100,60,3
3,1,1,594,3,0,3,0,0,2,1,0,0,2,25,1,1,1,114,96,120,55,123,10,0,96,70,3
3,1,1,595,3,0,3,0,0,2,1,0,0,17,22,1,1,1,298,148,120,140,156,30,0,200,115,2
3,1,1,596,3,0,3,0,0,3,1,0,0,2,1,1,1,1,120,80,120,51,103,10,0,143,84,3
3,1,1,597,3,0,3,0,0,4,1,0,0,25,2,1,1,1,146,96,60,55,123,30,0,156,64,2
3,1,1,598,3,0,3,0,1,3,1,3,0,17,25,1,1,1,308,167,30,133,189,30,0,200,234,3
3,1,1,599,3,0,3,1,0,2,1,1,0,2,1,1,1,1,85,84,120,41,111,10,0,88,60,3
3,1,1,600,3,0,3,1,0,2,1,2,0,1,2,1,1,1,131,82,60,89,108,30,0,96,104,3
3,1,1,601,3,0,3,1,0,2,1,2,0,14,2,1,1,1,179,90,60,91,99,10,0,88,65,3
3,1,1,602,3,0,3,1,0,3,1,1,0,22,1,1,1,1,254,133,30,109,149,30,0,144,169,2
3,1,1,603,3,0,3,1,0,3,1,2,0,1,2,1,1,1,106,70,120,37,98,10,0,104,58,3
3,1,1,604,3,0,3,1,0,3,1,2,0,17,2,1,1,1,159,98,60,69,111,20,0,234,110,2
3,1,1,605,3,0,3,1,0,2,1,2,0,2,1,1,1,1,131,82,60,89,108,30,0,96,104,3
3,1,1,606,3,0,3,1,0,3,1,2,0,1,2,1,1,1,92,70,30,34,86,30,0,117,44,2
3,1,1,607,3,0,3,1,0,4,1,2,0,17,22,1,1,1,292,154,60,92,210,30,0,286,104,3
3,1,1,608,3,0,3,1,1,2,0,4,0,22,1,1,1,1,218,127,120,69,139,30,0,160,105,2
3,1,1,609,3,0,3,1,1,2,1,2,0,2,1,1,1,1,85,70,60,41,83,20,0,117,50,2
3,1,1,610,3,0,3,1,1,3,1,2,0,2,1,1,1,1,143,96,30,66,103,30,0,80,78,3
3,1,1,611,3,0,3,1,1,5,1,1,0,25,2,1,1,1,138,72,60,68,90,10,0,156,91,2
3,1,1,612,3,0,3,1,1,3,0,2,0,15,2,1,1,1,176,89,30,117,114,30,0,130,70,3
3,1,1,613,3,0,3,1,1,3,1,2,0,22,1,1,1,1,138,81,60,99,95,10,0,195,123,2
3,1,1,614,3,0,3,2,0,2,1,2,0,1,25,1,1,1,200,123,120,81,139,30,0,152,149,3
3,1,1,615,3,0,3,2,0,2,1,2,0,22,1,1,1,1,222,130,30,81,149,30,0,136,136,2
3,1,1,616,3,0,3,2,0,2,1,2,0,22,17,1,1,1,224,154,30,71,165,10,0,286,175,2
3,1,1,617,3,0,3,2,0,2,1,3,0,2,1,1,1,1,104,76,60,49,99,30,0,90,60,2
3,1,1,618,3,0,3,2,0,2,1,3,0,25,1,1,1,1,236,111,60,71,128,20,0,210,175,2
3,1,1,619,3,0,3,2,0,2,1,4,0,17,25,1,1,1,236,139,60,143,156,20,0,325,155,2
3,1,1,620,3,0,3,2,0,3,1,2,0,2,1,1,1,1,92,70,60,37,98,30,0,90,70,3
3,1,1,621,3,0,3,2,0,3,1,2,0,22,2,1,1,1,98,74,30,47,95,20,0,80,71,2
3,1,1,622,3,0,3,2,0,3,1,3,0,22,1,1,1,1,182,95,60,82,116,10,0,221,130,2
3,1,1,623,3,0,3,2,0,3,1,4,0,2,1,1,1,1,106,80,60,73,90,20,0,130,65,2
3,1,1,624,3,0,3,2,0,3,1,3,0,2,25,1,1,1,132,83,120,74,116,10,0,169,110,2
3,1,1,625,3,0,3,2,0,4,1,3,0,22,1,1,1,1,255,97,120,114,123,20,0,160,96,3
3,1,1,626,3,0,3,2,1,2,0,1,0,2,25,1,1,1,164,77,60,94,91,10,0,169,130,2
3,1,1,627,3,0,3,2,1,2,1,2,0,2,17,1,1,1,210,137,30,122,149,10,0,195,117,2
3,1,1,628,3,0,3,2,1,2,1,2,0,2,25,1,1,1,114,80,60,55,90,20,0,156,85,2
3,1,1,629,3,0,3,2,1,2,1,2,0,17,2,1,1,1,149,100,120,68,103,30,0,110,75,3
3,1,1,630,3,0,3,2,1,2,1,2,0,17,2,1,1,1,215,85,60,124,95,20,0,110,84,2
3,1,1,631,3,0,3,2,1,2,1,2,0,22,1,1,1,1,163,127,60,76,144,10,0,210,104,2
3,1,1,632,3,0,3,2,1,2,1,2,0,22,1,1,1,1,157,130,120,73,172,10,0,136,95,3
3,1,1,633,3,0,3,2,1,2,1,2,0,22,17,1,1,1,292,128,60,71,156,10,0,160,140,3
3,1,1,634,3,0,3,2,1,2,1,2,0,22,19,1,1,1,160,114,60,123,116,10,0,150,84,2
3,1,1,635,3,0,3,2,1,2,1,3,0,15,1,1,1,1,89,50,60,63,70,20,0,40,20,3
3,1,1,636,3,0,3,2,1,3,0,2,0,2,17,1,1,1,132,83,120,81,91,30,0,88,84,3
3,1,1,637,3,0,3,2,1,3,1,2,0,2,1,1,1,1,129,100,60,94,106,10,0,100,52,3
3,1,1,638,3,0,3,2,1,3,1,2,0,2,17,1,1,1,201,130,30,96,172,20,0,170,130,3
3,1,1,639,3,0,3,2,1,3,1,2,0,2,17,1,1,1,174,118,60,55,128,20,0,112,76,3
3,1,1,640,3,0,3,2,1,3,1,2,0,20,22,1,1,1,227,115,30,126,149,30,0,220,130,2
3,1,1,641,3,0,3,2,1,3,1,3,0,2,1,1,1,1,100,62,60,60,99,20,0,56,36,3
3,1,1,642,3,0,3,2,1,4,1,2,0,22,1,1,1,1,224,133,120,74,144,30,0,170,105,3
3,1,1,643,3,0,3,2,1,4,1,3,0,2,1,1,1,1,188,86,30,112,95,10,0,110,52,3
3,1,1,644,3,0,3,2,1,4,1,3,0,2,17,1,1,1,200,95,120,108,108,30,0,195,104,3
3,1,1,645,3,0,3,2,1,4,1,3,0,25,1,1,1,1,182,148,120,81,198,10,0,152,120,3
3,1,1,646,3,0,3,2,1,3,1,3,0,1,25,1,1,1,300,158,120,115,172,30,0,220,145,2
3,1,1,647,3,0,3,2,1,4,0,2,0,22,1,1,1,1,151,93,30,67,114,30,0,170,105,3
3,1,1,648,3,0,3,2,1,4,1,3,0,2,1,1,1,1,106,91,120,51,99,20,0,143,75,2
3,1,1,649,3,0,3,3,0,2,1,1,0,2,17,1,1,1,248,114,30,125,144,30,0,112,104,3
3,1,1,650,3,0,3,3,0,3,1,3,0,14,22,1,1,1,354,115,120,204,132,20,0,152,100,3
3,1,1,651,3,0,3,3,0,4,1,2,0,25,1,1,1,1,200,111,120,63,156,10,0,210,124,3
3,1,1,652,3,0,3,3,1,2,1,3,0,25,1,1,1,1,236,148,30,71,165,30,0,168,162,3
3,1,1,653,3,0,3,3,1,2,1,4,0,2,14,1,1,1,128,109,60,87,116,10,0,110,64,3
3,1,1,654,3,0,3,3,1,3,1,2,0,2,17,1,1,1,168,75,60,119,86,10,0,169,84,2
3,1,1,655,3,0,6,1,1,4,1,3,0,1,22,1,1,1,177,11,30,69,14,10,0,136,105,2
3,1,1,656,3,1,1,0,0,2,1,0,0,17,2,1,1,1,205,84,120,61,118,10,0,182,123,2
3,1,1,657,3,1,1,0,0,3,1,0,0,2,1,1,1,1,97,82,120,57,99,10,0,96,70,3
3,1,1,658,3,1,1,0,0,3,1,0,0,2,1,1,1,1,160,73,30,81,92,20,0,143,75,3
3,1,1,659,3,1,1,0,0,3,1,0,0,2,1,1,1,1,88,60,120,39,76,20,0,90,78,2
3,1,1,660,3,1,1,0,0,3,1,0,0,22,2,1,1,1,57,101,120,40,109,10,0,88,80,2
3,1,1,661,3,1,1,0,0,3,1,0,0,25,17,1,1,1,336,146,120,84,165,30,0,270,170,2
3,1,1,662,3,1,1,0,0,4,1,0,0,2,1,1,1,1,85,54,60,34,78,30,0,88,84,2
3,1,1,663,3,1,1,0,0,4,1,0,0,2,25,1,1,1,128,89,60,65,97,10,0,130,80,2
3,1,1,664,3,1,1,0,0,3,1,0,0,2,1,1,1,1,92,54,120,34,78,10,0,110,48,2
3,1,1,665,3,1,1,0,0,5,1,0,0,2,1,1,1,1,102,78,60,57,88,10,0,90,48,3
3,1,1,666,3,1,1,0,0,5,1,0,0,2,1,1,1,1,92,54,30,37,65,10,0,72,65,2
3,1,1,667,3,1,1,0,1,5,1,3,0,1,22,1,1,1,216,94,120,116,109,30,0,136,169,3
3,1,1,668,3,1,1,1,0,3,1,2,0,1,2,1,1,1,106,72,60,41,94,30,0,117,48,3
3,1,1,669,3,1,1,1,0,3,1,2,0,22,14,1,1,1,251,116,120,97,127,30,0,200,115,2
3,1,1,670,3,1,1,1,0,3,1,3,0,1,2,1,1,1,85,72,30,34,78,10,0,117,84,2
3,1,1,671,3,1,1,1,0,3,1,3,0,2,1,1,1,1,92,60,30,34,74,30,0,104,48,2
3,1,1,672,3,1,1,1,0,3,1,3,0,17,3,1,1,1,296,85,60,199,94,30,0,143,52,3
3,1,1,673,3,1,1,1,0,3,1,3,0,22,1,1,1,1,185,92,60,107,105,20,0,234,140,2
3,1,1,674,3,1,1,1,0,4,1,2,0,25,2,1,1,1,121,65,120,73,74,20,0,110,91,2
3,1,1,675,3,1,1,1,0,4,1,3,0,17,2,1,1,1,120,71,60,81,78,20,0,169,75,2
3,1,1,676,3,1,1,1,0,4,1,3,0,22,12,1,1,1,179,76,30,146,84,30,0,160,160,2
3,1,1,677,3,1,1,1,0,4,1,3,0,25,2,1,1,1,125,61,60,55,74,10,0,143,104,2
3,1,1,678,3,1,1,1,0,4,1,3,0,25,13,1,1,1,297,108,30,174,118,30,0,144,169,3
3,1,1,679,3,1,1,1,0,5,1,3,0,25,17,1,1,1,257,146,120,109,207,10,0,216,190,2
3,1,1,680,3,1,1,1,0,3,1,2,0,20,10,1,1,1,234,90,60,193,112,30,0,170,105,2
3,1,1,681,3,1,1,1,1,1,1,1,0,17,22,1,1,1,266,131,120,192,165,10,0,200,145,3
3,1,1,682,3,1,1,1,1,3,1,2,0,1,25,1,1,1,214,131,120,85,146,20,0,299,150,2
3,1,1,683,3,1,1,1,1,4,0,3,0,1,2,1,1,1,140,68,60,59,78,10,0,80,65,3
3,1,1,684,3,1,1,1,1,4,1,2,0,18,2,1,1,1,228,116,60,170,118,20,0,136,84,3
3,1,1,685,3,1,1,1,1,4,1,3,0,1,2,1,1,1,181,89,30,96,94,30,0,88,97,3
3,1,1,686,3,1,1,1,1,5,1,3,0,17,25,1,1,1,252,101,60,133,122,10,0,390,208,2
3,1,1,687,3,1,1,1,1,2,1,2,0,1,25,1,1,1,200,94,60,81,112,10,0,247,169,2
3,1,1,688,3,1,1,1,1,3,1,3,0,1,22,1,1,1,232,110,60,118,118,20,0,136,124,3
3,1,1,689,3,1,1,1,1,4,1,3,0,22,17,1,1,1,245,134,60,104,161,10,0,230,96,2
3,1,1,690,3,1,1,2,0,2,1,2,0,2,1,1,1,1,101,54,30,46,65,10,0,72,50,2
3,1,1,691,3,1,1,2,0,2,1,2,0,17,10,1,1,1,201,83,60,96,99,10,0,221,143,2
3,1,1,692,3,1,1,2,0,2,1,2,0,22,1,1,1,1,202,88,60,58,105,10,0,136,105,2
3,1,1,693,3,1,1,2,0,2,1,2,0,22,1,1,1,1,157,110,60,65,127,10,0,150,80,2
3,1,1,694,3,1,1,2,0,2,1,3,0,1,22,1,1,1,221,126,120,113,140,20,0,260,120,2
3,1,1,695,3,1,1,2,0,2,1,3,0,2,1,1,1,1,128,85,120,50,88,30,0,100,65,3
3,1,1,696,3,1,1,2,0,2,1,3,0,2,17,1,1,1,189,73,60,110,81,20,0,150,123,3
3,1,1,697,3,1,1,2,0,2,1,3,0,10,20,1,1,1,173,88,30,148,109,20,0,160,88,3
3,1,1,698,3,1,1,2,0,2,1,3,0,17,23,1,1,1,310,98,60,210,118,10,0,273,169,2
3,1,1,699,3,1,1,2,0,2,1,3,0,17,25,1,1,1,336,146,30,95,174,30,0,216,234,2
3,1,1,700,3,1,1,2,0,2,1,3,0,22,1,1,1,1,143,70,120,100,81,30,0,182,60,2
3,1,1,701,3,1,1,2,0,2,1,4,0,18,2,1,1,1,163,101,120,108,109,20,0,182,100,2
3,1,1,702,3,1,1,2,0,3,1,2,0,2,17,1,1,1,193,79,30,80,90,10,0,120,95,2
3,1,1,703,3,1,1,2,0,3,1,2,0,22,17,1,1,1,293,98,30,197,112,10,0,176,125,3
3,1,1,704,3,1,1,2,0,3,1,3,0,1,2,1,1,1,128,71,30,73,81,30,0,143,60,3
3,1,1,705,3,1,1,2,0,3,1,3,0,1,2,1,1,1,106,54,30,34,78,20,0,117,60,2
3,1,1,706,3,1,1,2,0,3,1,3,0,2,1,1,1,1,145,94,60,90,94,20,0,80,48,3
3,1,1,707,3,1,1,2,0,3,1,3,0,2,1,1,1,1,119,82,30,74,99,20,0,100,78,2
3,1,1,708,3,1,1,2,0,3,1,3,0,2,1,1,1,1,104,52,30,54,71,10,0,64,45,3
3,1,1,709,3,1,1,2,0,3,1,3,0,2,17,1,1,1,209,116,60,174,122,10,0,160,76,3
3,1,1,710,3,1,1,2,0,3,1,3,0,2,25,1,1,1,125,131,120,44,155,10,0,220,104,2
3,1,1,711,3,1,1,2,0,3,1,3,0,2,25,1,1,1,159,73,120,78,94,10,0,150,84,2
3,1,1,712,3,1,1,2,0,3,1,3,0,9,25,1,1,1,250,109,30,113,133,30,0,286,108,2
3,1,1,713,3,1,1,2,0,3,1,3,0,17,2,1,1,1,249,90,30,112,105,10,0,150,84,2
3,1,1,714,3,1,1,2,0,3,1,3,0,17,2,1,1,1,227,106,120,114,122,20,0,195,90,2
3,1,1,715,3,1,1,2,0,3,1,3,0,17,2,1,1,1,182,67,60,142,81,30,0,112,110,3
3,1,1,716,3,1,1,2,0,3,1,3,0,17,2,1,1,1,171,101,60,87,118,10,0,150,72,2
3,1,1,717,3,1,1,2,0,3,1,3,0,17,11,1,1,1,154,60,30,81,68,10,0,100,52,3
3,1,1,718,3,1,1,2,0,3,1,3,0,17,22,1,1,1,292,98,60,80,112,20,0,220,162,2
3,1,1,719,3,1,1,2,0,3,1,3,0,17,22,1,1,1,336,134,120,141,155,30,0,240,140,2
3,1,1,720,3,1,1,2,0,3,1,3,0,17,25,1,1,1,275,146,60,106,165,20,0,208,96,2
3,1,1,721,3,1,1,2,0,3,1,3,0,19,25,1,1,1,251,98,30,122,112,10,0,168,150,3
3,1,1,722,3,1,1,2,0,3,1,3,0,20,22,1,1,1,200,105,60,123,112,20,0,312,140,2
3,1,1,723,3,1,1,2,0,3,1,3,0,22,1,1,1,1,240,113,60,100,150,30,0,208,96,3
3,1,1,724,3,1,1,2,0,3,1,3,0,22,1,1,1,1,165,87,120,74,99,30,0,234,96,2
3,1,1,725,3,1,1,2,0,3,1,3,0,22,2,1,1,1,103,40,60,34,46,20,0,80,58,2
3,1,1,726,3,1,1,2,0,3,1,3,0,22,12,1,1,1,186,89,60,106,99,30,0,156,68,2
3,1,1,727,3,1,1,2,0,3,1,3,0,22,17,1,1,1,314,94,120,174,112,20,0,152,92,3
3,1,1,728,3,1,1,2,0,3,1,3,0,25,1,1,1,1,200,94,30,71,109,10,0,168,150,2
3,1,1,729,3,1,1,2,0,3,1,3,0,25,1,1,1,1,200,105,120,81,118,30,0,168,214,2
3,1,1,730,3,1,1,2,0,4,1,3,0,1,22,1,1,1,185,92,30,95,127,20,0,144,88,3
3,1,1,731,3,1,1,2,0,4,1,3,0,1,22,1,1,1,191,110,60,105,127,10,0,160,88,1
3,1,1,732,3,1,1,2,0,4,1,3,0,2,1,1,1,1,128,71,120,83,78,30,0,96,97,3
3,1,1,733,3,1,1,2,0,4,1,3,0,2,25,1,1,1,125,68,30,44,78,30,0,156,64,1
3,1,1,734,3,1,1,2,0,4,1,3,0,22,1,1,1,1,194,116,120,86,133,20,0,234,115,2
3,1,1,735,3,1,1,2,0,4,1,3,0,22,17,1,1,1,247,131,30,92,178,20,0,220,162,3
3,1,1,736,3,1,1,2,0,4,1,3,0,22,17,1,1,1,247,131,30,92,178,20,0,200,175,2
3,1,1,737,3,1,1,2,0,4,1,3,0,25,11,1,1,1,231,76,120,131,88,20,0,136,96,2
3,1,1,738,3,1,1,2,0,5,1,3,0,1,22,1,1,1,161,88,30,70,122,20,0,128,84,2
3,1,1,739,3,1,1,2,0,2,0,3,0,3,22,1,1,1,162,67,120,104,81,10,0,140,68,1
3,1,1,740,3,1,1,2,0,2,1,3,0,2,17,1,1,1,181,83,120,87,94,30,0,221,84,2
3,1,1,741,3,1,1,2,0,2,1,3,0,17,2,1,1,1,151,97,60,83,118,10,0,140,76,3
3,1,1,742,3,1,1,2,0,3,1,2,0,2,20,1,1,1,163,76,30,126,97,30,0,182,68,2
3,1,1,743,3,1,1,2,0,3,1,3,0,1,22,1,1,1,150,88,60,64,97,20,0,221,120,2
3,1,1,744,3,1,1,2,0,3,1,3,0,2,1,1,1,1,85,60,60,41,71,20,0,117,60,1
3,1,1,745,3,1,1,2,0,3,1,3,0,17,2,1,1,1,168,70,120,110,92,10,0,110,64,3
3,1,1,746,3,1,1,2,0,4,0,3,0,17,22,1,1,1,283,126,120,93,146,30,0,210,135,3
3,1,1,747,3,1,1,2,0,4,1,3,0,1,2,1,1,1,110,68,60,55,88,30,0,110,85,2
3,1,1,748,3,1,1,2,0,5,1,3,0,22,1,1,1,1,151,78,30,105,88,30,0,182,80,2
3,1,1,749,3,1,1,2,0,3,1,3,0,2,1,1,1,1,106,72,60,41,94,30,0,104,40,3
3,1,1,750,3,1,1,2,0,4,1,3,0,22,9,1,1,1,190,92,60,172,99,20,0,195,90,2
3,1,1,751,3,1,1,2,0,2,1,3,0,25,1,1,1,1,236,105,30,81,118,10,0,190,112,2
3,1,1,752,3,1,1,2,0,3,1,3,0,25,1,1,1,1,236,94,120,81,118,20,0,160,92,3
3,1,1,753,3,1,1,2,1,2,0,2,0,1,2,1,1,1,170,82,30,87,88,30,0,72,65,3
3,1,1,754,3,1,1,2,1,2,1,2,0,17,2,1,1,1,233,90,120,147,109,10,0,221,130,2
3,1,1,755,3,1,1,2,1,2,1,2,0,17,10,1,1,1,183,92,60,105,105,20,0,208,95,2
3,1,1,756,3,1,1,2,1,2,1,2,0,22,1,1,1,1,206,92,30,73,105,10,0,200,88,2
3,1,1,757,3,1,1,2,1,2,1,2,0,22,17,1,1,1,277,99,120,133,133,10,0,260,143,2
3,1,1,758,3,1,1,2,1,2,1,3,0,20,2,1,1,1,141,84,120,101,94,20,0,180,136,2
3,1,1,759,3,1,1,2,1,2,1,4,0,20,25,1,1,1,242,112,60,113,155,30,0,220,155,2
3,1,1,760,3,1,1,2,1,3,1,2,0,2,17,1,1,1,183,108,60,89,122,10,0,160,84,3
3,1,1,761,3,1,1,2,1,3,1,2,0,14,22,1,1,1,231,112,60,154,122,20,0,273,135,2
3,1,1,762,3,1,1,2,1,3,1,2,0,22,2,1,1,1,163,78,120,83,78,30,0,100,60,2
3,1,1,763,3,1,1,2,1,3,1,2,0,25,17,1,1,1,283,146,60,84,165,20,0,216,136,3
3,1,1,764,3,1,1,2,1,3,1,3,0,1,22,1,1,1,177,110,30,82,118,10,0,208,175,2
3,1,1,765,3,1,1,2,1,3,1,3,0,2,1,1,1,1,97,65,60,42,84,30,0,90,55,2
3,1,1,766,3,1,1,2,1,3,1,3,0,2,1,1,1,1,124,71,60,69,90,30,0,90,55,3
3,1,1,767,3,1,1,2,1,3,1,3,0,2,14,1,1,1,180,94,30,95,99,30,0,88,91,2
3,1,1,768,3,1,1,2,1,3,1,3,0,2,17,1,1,1,176,73,30,123,81,10,0,152,115,2
3,1,1,769,3,1,1,2,1,3,1,3,0,2,25,1,1,1,148,94,30,81,97,10,0,195,149,2
3,1,1,770,3,1,1,2,1,3,1,3,0,2,25,1,1,1,180,68,60,115,92,30,0,120,130,3
3,1,1,771,3,1,1,2,1,3,1,3,0,22,1,1,1,1,147,78,30,116,99,20,0,128,64,3
3,1,1,772,3,1,1,2,1,3,1,3,0,22,1,1,1,1,186,126,120,111,161,10,0,152,140,2
3,1,1,773,3,1,1,2,1,3,1,3,0,22,1,1,1,1,315,94,120,159,127,10,0,221,143,2
3,1,1,774,3,1,1,2,1,3,1,3,0,22,1,1,1,1,195,97,60,87,133,30,0,180,115,2
3,1,1,775,3,1,1,2,1,3,1,3,0,22,17,1,1,1,292,131,60,92,178,30,0,338,96,3
3,1,1,776,3,1,1,2,1,3,1,4,0,20,2,1,1,1,183,70,120,111,84,20,0,104,64,3
3,1,1,777,3,1,1,2,1,4,1,2,0,2,1,1,1,1,115,67,120,73,76,30,0,143,52,2
3,1,1,778,3,1,1,2,1,4,1,2,0,2,17,1,1,1,181,92,60,95,105,20,0,221,115,2
3,1,1,779,3,1,1,2,1,4,1,2,0,2,17,1,1,1,218,84,30,78,97,10,0,180,80,3
3,1,1,780,3,1,1,2,1,4,1,2,0,2,18,1,1,1,241,119,120,143,122,30,0,170,105,2
3,1,1,781,3,1,1,2,1,4,1,2,0,2,22,1,1,1,104,67,30,56,74,10,0,104,71,2
3,1,1,782,3,1,1,2,1,4,1,3,0,1,25,1,1,1,194,126,120,95,168,10,0,160,125,3
3,1,1,783,3,1,1,2,1,4,1,3,0,2,1,1,1,1,138,61,30,59,84,20,0,117,60,1
3,1,1,784,3,1,1,2,1,4,1,3,0,2,1,1,1,1,173,85,60,95,105,30,0,143,52,2
3,1,1,785,3,1,1,2,1,4,1,3,0,17,2,1,1,1,203,108,60,92,118,20,0,120,72,2
3,1,1,786,3,1,1,2,1,4,1,3,0,17,25,1,1,1,284,160,30,115,168,10,0,377,266,2
3,1,1,787,3,1,1,2,1,2,1,3,0,17,2,1,1,1,202,79,120,144,99,10,0,150,84,2
3,1,1,788,3,1,1,2,1,2,1,3,0,17,2,1,1,1,164,84,30,68,118,20,0,120,72,3
3,1,1,789,3,1,1,2,1,3,1,2,0,17,13,1,1,1,187,68,60,146,76,10,0,182,123,2
3,1,1,790,3,1,1,2,1,3,1,3,0,2,17,1,1,1,265,85,60,108,97,20,0,160,130,3
3,1,1,791,3,1,1,2,1,3,1,3,0,17,22,1,1,1,315,146,30,160,196,20,0,220,188,3
3,1,1,792,3,1,1,2,1,3,1,3,0,22,1,1,1,1,225,85,60,81,99,20,0,170,169,2
3,1,1,793,3,1,1,2,1,3,1,4,0,1,22,1,1,1,172,108,120,64,122,20,0,208,115,2
3,1,1,794,3,1,1,2,1,3,1,4,0,2,17,1,1,1,168,85,30,119,92,20,0,150,117,2
3,1,1,795,3,1,1,2,1,4,1,3,0,2,1,1,1,1,85,60,60,41,71,20,0,117,60,2
3,1,1,796,3,1,1,2,1,4,1,3,0,17,10,1,1,1,260,85,30,114,118,20,0,273,165,3
3,1,1,797,3,1,1,2,1,4,1,3,0,25,1,1,1,1,178,94,30,78,118,30,0,200,130,1
3,1,1,798,3,1,1,2,1,3,0,2,0,17,25,1,1,1,257,110,120,95,133,30,0,351,120,2
3,1,1,799,3,1,1,3,0,2,1,2,0,1,25,1,1,1,214,94,60,95,118,10,0,260,169,2
3,1,1,800,3,1,1,3,0,2,1,3,0,1,22,1,1,1,244,87,120,159,105,30,0,260,120,2
3,1,1,801,3,1,1,3,0,3,1,3,0,1,2,1,1,1,106,72,60,41,94,30,0,117,52,3
3,1,1,802,3,1,1,3,0,3,1,3,0,1,25,1,1,1,213,105,30,80,127,30,0,286,128,2
3,1,1,803,3,1,1,3,0,3,1,3,0,9,25,1,1,1,264,109,30,103,122,10,0,200,120,2
3,1,1,804,3,1,1,3,0,3,1,3,0,22,17,1,1,1,258,109,30,149,127,30,0,325,124,2
3,1,1,805,3,1,1,3,0,4,1,2,0,22,1,1,1,1,216,87,30,68,122,20,0,260,125,2
3,1,1,806,3,1,1,3,0,2,0,3,0,22,1,1,1,1,164,88,120,64,97,30,0,136,136,3
3,1,1,807,3,1,1,3,0,3,0,1,0,22,1,1,1,1,164,79,120,50,112,10,0,170,84,3
3,1,1,808,3,1,1,3,0,3,1,2,0,2,1,1,1,1,98,64,60,50,84,30,0,80,78,3
3,1,1,809,3,1,1,3,0,3,1,3,0,2,1,1,1,1,85,54,120,37,65,30,0,117,40,2
3,1,1,810,3,1,1,3,0,4,1,3,0,2,22,1,1,1,136,72,120,81,78,20,0,130,70,2
3,1,1,811,3,1,1,3,0,5,1,3,0,2,17,1,1,1,171,89,60,69,118,20,0,104,72,3
3,1,1,812,3,1,1,3,1,2,1,2,0,1,22,1,1,1,193,106,60,64,140,30,0,221,84,3
3,1,1,813,3,1,1,3,1,2,1,2,0,2,1,1,1,1,153,67,30,72,88,20,0,143,55,2
3,1,1,814,3,1,1,3,1,2,1,2,0,17,10,1,1,1,193,90,30,113,109,30,0,195,76,2
3,1,1,815,3,1,1,3,1,3,0,1,0,2,1,1,1,1,134,91,120,98,109,10,0,88,50,3
3,1,1,816,3,1,1,3,1,3,1,2,0,2,1,1,1,1,166,64,120,93,76,20,0,80,52,3
3,1,1,817,3,1,1,3,1,3,1,2,0,22,1,1,1,1,270,119,120,113,127,30,0,190,140,2
3,1,1,818,3,1,1,3,1,3,1,2,0,22,1,1,1,1,188,94,120,88,105,30,0,136,149,2
3,1,1,819,3,1,1,3,1,3,1,3,0,1,2,1,1,1,85,60,120,34,74,20,0,90,91,2
3,1,1,820,3,1,1,3,1,3,1,3,0,2,1,1,1,1,114,65,30,46,71,10,0,90,60,3
3,1,1,821,3,1,1,3,1,3,1,3,0,2,1,1,1,1,100,58,120,42,81,10,0,120,48,2
3,1,1,822,3,1,1,3,1,3,1,3,0,2,1,1,1,1,118,56,120,66,92,10,0,130,78,3
3,1,1,823,3,1,1,3,1,3,1,3,0,17,22,1,1,1,247,131,60,71,140,20,0,208,132,3
3,1,1,824,3,1,1,3,1,3,1,3,0,17,22,1,1,1,292,109,60,71,133,10,0,160,140,2
3,1,1,825,3,1,1,3,1,3,1,3,0,22,1,1,1,1,210,106,120,63,112,30,0,170,110,2
3,1,1,826,3,1,1,3,1,3,1,3,0,25,12,1,1,1,230,108,60,123,133,30,0,247,100,2
3,1,1,827,3,1,1,3,1,4,1,3,0,2,1,1,1,1,119,65,60,64,88,30,0,120,70,3
3,1,1,828,3,1,1,3,1,4,1,3,0,22,19,1,1,1,200,76,120,112,90,10,0,195,136,2
3,1,1,829,3,1,1,3,1,3,1,3,0,17,22,1,1,1,254,134,60,115,161,10,0,280,176,2
3,1,1,830,3,1,1,3,1,3,1,3,0,25,17,1,1,1,272,122,120,128,146,30,0,216,208,2
3,1,1,831,3,1,3,0,0,2,1,0,0,22,1,1,1,1,189,175,30,109,210,30,0,180,120,2
3,1,1,832,3,1,3,0,0,3,1,0,0,1,25,1,1,1,207,218,60,112,245,20,0,299,145,2
3,1,1,833,3,1,3,0,0,3,1,0,0,25,1,1,1,1,200,189,120,63,266,10,0,190,112,3
3,1,1,834,3,1,3,0,0,4,1,0,0,2,1,1,1,1,148,117,30,65,167,20,0,130,65,2
3,1,1,835,3,1,3,0,0,4,1,0,0,2,25,1,1,1,185,194,120,109,210,20,0,208,95,3
3,1,1,836,3,1,3,0,0,3,1,0,0,2,25,1,1,1,159,142,60,53,162,10,0,104,75,3
3,1,1,837,3,1,3,1,0,2,1,2,0,22,1,1,1,1,150,211,60,56,237,10,0,170,76,3
3,1,1,838,3,1,3,1,0,4,1,3,0,22,1,1,1,1,150,158,60,50,225,30,0,160,169,2
3,1,1,839,3,1,3,1,0,5,1,3,0,22,1,1,1,1,225,176,30,96,198,10,0,170,96,2
3,1,1,840,3,1,3,1,0,3,1,2,0,25,1,1,1,1,182,189,120,71,218,30,0,247,120,2
3,1,1,841,3,1,3,1,0,2,1,3,0,20,25,1,1,1,373,237,30,205,266,10,0,260,132,2
3,1,1,842,3,1,3,1,1,2,1,2,0,25,2,1,1,1,125,122,30,49,142,10,0,96,80,3
3,1,1,843,3,1,3,1,1,2,1,4,0,1,22,1,1,1,188,227,60,74,245,20,0,160,108,3
3,1,1,844,3,1,3,1,1,3,1,3,0,9,25,1,1,1,283,166,60,167,184,20,0,200,162,2
3,1,1,845,3,1,3,1,1,3,1,3,0,18,2,1,1,1,181,181,30,123,198,30,0,195,80,2
3,1,1,846,3,1,3,1,1,2,1,2,0,1,22,1,1,1,162,146,120,110,184,10,0,140,68,3
3,1,1,847,3,1,3,1,1,3,1,1,0,25,1,1,1,1,200,189,60,81,225,10,0,273,156,2
3,1,1,848,3,1,3,2,0,2,1,2,0,1,22,1,1,1,195,166,120,81,237,10,0,150,64,3
3,1,1,849,3,1,3,2,0,2,1,2,0,9,2,1,1,1,138,142,30,66,155,10,0,90,44,3
3,1,1,850,3,1,3,2,0,2,1,2,0,17,2,1,1,1,180,152,120,114,189,30,0,182,72,3
3,1,1,851,3,1,3,2,0,2,1,3,0,1,2,1,1,1,118,156,60,60,167,20,0,80,52,3
3,1,1,852,3,1,3,2,0,2,1,3,0,1,2,1,1,1,92,119,60,37,167,30,0,80,55,3
3,1,1,853,3,1,3,2,0,2,1,3,0,2,1,1,1,1,106,107,60,37,130,20,0,90,84,2
3,1,1,854,3,1,3,2,0,2,1,3,0,2,25,1,1,1,136,176,60,74,194,10,0,130,68,3
3,1,1,855,3,1,3,2,0,2,1,3,0,14,2,1,1,1,123,184,60,81,194,10,0,120,60,3
3,1,1,856,3,1,3,2,0,2,1,3,0,17,2,1,1,1,234,158,120,98,194,20,0,128,92,3
3,1,1,857,3,1,3,2,0,2,1,3,0,17,25,1,1,1,257,245,120,84,301,20,0,320,240,2
3,1,1,858,3,1,3,2,0,2,1,3,0,22,11,1,1,1,189,136,30,114,147,10,0,120,60,3
3,1,1,859,3,1,3,2,0,3,1,2,0,2,1,1,1,1,95,130,120,52,155,20,0,90,71,3
3,1,1,860,3,1,3,2,0,3,1,3,0,1,2,1,1,1,92,136,30,47,176,20,0,72,48,3
3,1,1,861,3,1,3,2,0,3,1,3,0,1,2,1,1,1,101,163,120,61,198,10,0,64,55,3
3,1,1,862,3,1,3,2,0,3,1,3,0,1,22,1,1,1,248,166,30,140,194,10,0,144,135,3
3,1,1,863,3,1,3,2,0,3,1,3,0,2,1,1,1,1,172,153,60,90,169,10,0,112,75,3
3,1,1,864,3,1,3,2,0,3,1,3,0,2,1,1,1,1,145,147,30,87,167,30,0,130,40,2
3,1,1,865,3,1,3,2,0,3,1,3,0,2,1,1,1,1,128,142,60,50,167,10,0,80,65,3
3,1,1,866,3,1,3,2,0,3,1,3,0,2,1,1,1,1,100,89,30,60,155,30,0,91,36,3
3,1,1,867,3,1,3,2,0,3,1,3,0,17,11,1,1,1,182,147,120,141,155,30,0,96,104,2
3,1,1,868,3,1,3,2,0,3,1,3,0,17,25,1,1,1,308,213,120,143,254,20,0,200,120,3
3,1,1,869,3,1,3,2,0,3,1,3,0,22,1,1,1,1,229,166,60,129,210,10,0,273,143,2
3,1,1,870,3,1,3,2,0,3,1,3,0,22,12,1,1,1,202,169,30,144,184,30,0,208,88,2
3,1,1,871,3,1,3,2,0,3,1,3,0,25,9,1,1,1,222,218,120,103,245,30,0,160,169,2
3,1,1,872,3,1,3,2,0,3,1,4,0,20,25,1,1,1,344,284,60,174,374,30,0,351,144,3
3,1,1,873,3,1,3,2,0,4,1,2,0,22,19,1,1,1,283,128,60,186,142,20,0,130,110,3
3,1,1,874,3,1,3,2,0,4,1,2,0,25,3,1,1,1,211,176,120,141,194,30,0,136,162,3
3,1,1,875,3,1,3,2,0,4,1,3,0,2,1,1,1,1,126,122,30,55,167,20,0,130,55,2
3,1,1,876,3,1,3,2,0,4,1,3,0,2,17,1,1,1,249,189,120,96,254,10,0,208,136,2
3,1,1,877,3,1,3,2,0,4,1,3,0,2,23,1,1,1,190,170,60,151,176,10,0,100,44,3
3,1,1,878,3,1,3,2,0,4,1,3,0,22,1,1,1,1,252,233,30,106,266,30,0,144,162,3
3,1,1,879,3,1,3,2,0,4,1,3,0,22,1,1,1,1,169,181,120,78,218,20,0,170,143,2
3,1,1,880,3,1,3,2,0,4,1,3,0,22,1,1,1,1,206,166,120,73,210,20,0,120,76,3
3,1,1,881,3,1,3,2,0,4,1,3,0,22,12,1,1,1,173,155,60,118,181,30,0,140,85,3
3,1,1,882,3,1,3,2,0,4,1,3,0,25,1,1,1,1,182,252,30,63,266,10,0,273,175,2
3,1,1,883,3,1,3,2,0,4,1,3,0,25,1,1,1,1,236,252,60,81,337,30,0,273,108,2
3,1,1,884,3,1,3,2,0,4,1,3,0,25,2,1,1,1,204,163,120,102,169,30,0,110,80,3
3,1,1,885,3,1,3,2,0,2,1,2,0,17,2,1,1,1,166,162,60,83,237,30,0,140,130,3
3,1,1,886,3,1,3,2,0,2,1,3,0,1,22,1,1,1,150,211,30,50,225,10,0,221,136,2
3,1,1,887,3,1,3,2,0,3,1,3,0,1,25,1,1,1,199,210,120,83,254,20,0,220,188,2
3,1,1,888,3,1,3,2,0,3,1,3,0,2,25,1,1,1,145,153,120,75,167,30,0,96,110,2
3,1,1,889,3,1,3,2,0,3,1,3,0,17,2,1,1,1,174,167,60,61,237,30,0,140,85,3
3,1,1,890,3,1,3,2,0,3,1,3,0,17,25,1,1,1,283,245,30,84,301,30,0,312,160,2
3,1,1,891,3,1,3,2,0,3,1,3,0,22,1,1,1,1,173,221,120,65,254,20,0,221,125,2
3,1,1,892,3,1,3,2,0,3,1,3,0,22,12,1,1,1,188,158,60,137,176,10,0,208,136,2
3,1,1,893,3,1,3,2,0,3,1,3,0,25,1,1,1,1,200,252,30,81,337,20,0,210,214,2
3,1,1,894,3,1,3,2,1,2,0,3,0,22,17,1,1,1,245,252,120,175,322,10,0,168,140,3
3,1,1,895,3,1,3,2,1,2,1,2,0,1,22,1,1,1,275,194,120,123,266,10,0,260,149,3
3,1,1,896,3,1,3,2,1,2,1,2,0,9,2,1,1,1,176,142,30,97,155,10,0,100,40,3
3,1,1,897,3,1,3,2,1,2,1,2,0,19,22,1,1,1,164,138,30,109,153,10,0,120,90,3
3,1,1,898,3,1,3,2,1,2,1,3,0,1,25,1,1,1,200,210,30,63,245,30,0,273,108,2
3,1,1,899,3,1,3,2,1,2,1,3,0,17,2,1,1,1,202,150,30,115,194,10,0,120,100,3
3,1,1,900,3,1,3,2,1,2,1,3,0,17,13,1,1,1,199,194,30,169,189,10,0,182,117,2
3,1,1,901,3,1,3,2,1,2,1,3,0,22,1,1,1,1,193,170,30,85,198,10,0,144,135,3
3,1,1,902,3,1,3,2,1,3,0,2,0,22,18,1,1,1,511,247,60,325,274,20,0,290,227,2
3,1,1,903,3,1,3,2,1,3,1,2,0,1,25,1,1,1,274,270,60,137,293,20,0,192,116,3
3,1,1,904,3,1,3,2,1,3,1,3,0,1,22,1,1,1,150,158,30,64,194,30,0,170,140,2
3,1,1,905,3,1,3,2,1,3,1,3,0,1,25,1,1,1,273,189,30,92,274,20,0,286,150,2
3,1,1,906,3,1,3,2,1,3,1,3,0,1,25,1,1,1,269,252,60,107,349,30,0,273,120,3
3,1,1,907,3,1,3,2,1,3,1,3,0,1,25,1,1,1,246,196,120,109,274,10,0,220,128,2
3,1,1,908,3,1,3,2,1,3,1,3,0,2,17,1,1,1,200,176,30,104,245,20,0,128,84,3
3,1,1,909,3,1,3,2,1,3,1,3,0,2,17,1,1,1,157,122,120,101,153,10,0,140,84,3
3,1,1,910,3,1,3,2,1,3,1,3,0,2,17,1,1,1,185,158,30,72,184,10,0,120,110,3
3,1,1,911,3,1,3,2,1,3,1,3,0,17,1,1,1,1,106,74,60,36,97,10,0,48,30,3
3,1,1,912,3,1,3,2,1,3,1,3,0,17,22,1,1,1,250,202,120,110,237,30,0,299,124,2
3,1,1,913,3,1,3,2,1,3,1,3,0,19,25,1,1,1,261,163,120,151,189,20,0,152,124,3
3,1,1,914,3,1,3,2,1,4,1,2,0,1,22,1,1,1,221,184,120,78,254,10,0,299,156,2
3,1,1,915,3,1,3,2,1,4,1,3,0,1,22,1,1,1,184,233,30,94,245,10,0,221,143,3
3,1,1,916,3,1,3,2,1,4,1,3,0,1,22,1,1,1,220,184,60,165,225,30,0,180,105,3
3,1,1,917,3,1,3,2,1,4,1,3,0,15,25,1,1,1,267,245,120,97,301,20,0,250,208,2
3,1,1,918,3,1,3,2,1,4,1,3,0,22,1,1,1,1,175,150,120,146,167,30,0,234,92,1
3,1,1,919,3,1,3,2,1,4,1,3,0,22,17,1,1,1,351,213,60,128,245,20,0,250,208,2
3,1,1,920,3,1,3,2,1,4,1,3,0,22,17,1,1,1,300,202,30,143,274,20,0,312,140,2
3,1,1,921,3,1,3,2,1,3,1,2,0,22,1,1,1,1,193,158,30,50,225,20,0,221,125,2
3,1,1,922,3,1,3,2,1,3,1,3,0,1,22,1,1,1,193,158,120,64,194,20,0,136,76,2
3,1,1,923,3,1,3,2,1,3,1,3,0,2,1,1,1,1,158,153,120,107,167,30,0,80,84,3
3,1,1,924,3,1,3,2,1,3,1,3,0,22,17,1,1,1,312,225,60,86,274,10,0,192,170,2
3,1,1,925,3,1,3,2,1,4,1,2,0,20,10,1,1,1,196,152,30,155,169,10,0,120,85,3
3,1,1,926,3,1,3,3,0,3,1,2,0,17,2,1,1,1,159,167,60,69,189,20,0,234,110,2
3,1,1,927,3,1,3,3,0,3,1,3,0,1,2,1,1,1,106,107,30,34,155,20,0,117,60,2
3,1,1,928,3,1,3,3,0,3,1,3,0,2,17,1,1,1,171,142,120,130,153,20,0,140,104,3
3,1,1,929,3,1,3,3,0,3,1,3,0,22,1,1,1,1,193,176,120,56,245,10,0,221,136,2
3,1,1,930,3,1,3,3,0,4,1,3,0,1,22,1,1,1,211,210,60,103,274,30,0,200,140,2
3,1,1,931,3,1,3,3,1,2,1,2,0,1,2,1,1,1,92,107,30,37,130,10,0,72,50,2
3,1,1,932,3,1,3,3,1,3,0,2,0,22,1,1,1,1,234,184,120,91,254,10,0,208,117,2
3,1,1,933,3,1,3,3,1,3,1,3,0,2,1,1,1,1,156,128,60,84,147,20,0,100,65,2
3,1,1,934,3,1,3,3,1,2,1,3,0,2,1,1,1,1,140,130,60,60,153,10,0,96,70,3
3,1,1,935,3,1,3,3,1,3,1,2,0,21,22,1,1,1,307,274,120,226,301,20,0,250,182,3
3,1,1,936,3,1,3,3,1,5,1,2,0,1,10,1,1,1,163,155,60,120,194,30,0,130,95,3
3,1,1,937,3,1,6,1,0,4,1,3,0,1,25,1,1,1,182,23,60,71,25,10,0,190,92,3
3,1,1,938,3,1,6,2,0,2,1,3,0,17,2,1,1,1,205,23,120,55,23,30,0,180,90,2
3,1,1,939,3,1,7,3,1,5,1,2,0,1,2,1,1,1,108,12,30,53,16,10,0,80,80,1
3,1,1,940,4,0,1,0,0,3,1,0,0,1,2,1,1,1,131,40,120,56,53,10,0,143,78,2
3,1,1,941,4,0,1,0,0,4,1,0,0,17,2,1,1,1,155,39,120,115,45,30,0,130,44,3
3,1,1,942,4,0,1,1,0,2,0,1,0,1,23,1,1,1,205,56,120,91,74,10,0,200,84,2
3,1,1,943,4,0,1,1,0,2,0,2,0,9,2,1,1,1,104,50,30,56,52,10,0,130,65,2
3,1,1,944,4,0,1,1,0,2,1,2,0,1,2,1,1,1,114,34,60,63,42,10,0,117,58,2
3,1,1,945,4,0,1,1,0,2,1,2,0,1,22,1,1,1,173,48,30,91,58,30,0,170,90,2
3,1,1,946,4,0,1,1,0,2,1,2,0,22,2,1,1,1,112,34,60,66,43,30,0,72,71,1
3,1,1,947,4,0,1,1,0,3,1,2,0,25,26,1,1,1,225,44,60,119,49,20,0,140,117,2
3,1,1,948,4,0,1,1,0,3,1,3,0,22,20,1,1,1,283,66,60,122,78,10,0,192,155,2
3,1,1,949,4,0,1,1,0,5,1,2,0,1,22,1,1,1,167,45,120,142,50,30,0,182,76,2
3,1,1,950,4,0,1,1,0,2,0,2,0,25,17,1,1,1,336,72,120,95,105,10,0,416,221,2
3,1,1,951,4,0,1,1,0,3,1,2,0,2,1,1,1,1,139,46,60,65,58,30,0,117,44,2
3,1,1,952,4,0,1,1,0,3,1,2,0,9,23,1,1,1,391,68,30,273,72,30,0,128,104,3
3,1,1,953,4,0,1,1,0,4,0,1,0,1,22,1,1,1,248,67,120,94,72,30,0,180,105,2
3,1,1,954,4,0,1,1,0,4,1,1,0,22,1,1,1,1,179,50,30,112,54,10,0,160,64,1
3,1,1,955,4,0,1,1,0,4,1,2,0,17,2,1,1,1,208,62,120,125,72,20,0,169,80,2
3,1,1,956,4,0,1,1,0,4,1,4,0,1,2,1,1,1,140,52,60,82,53,20,0,88,52,3
3,1,1,957,4,0,1,1,0,5,0,4,0,25,17,1,1,1,409,65,30,208,88,20,0,312,135,2
3,1,1,958,4,0,1,1,0,5,1,1,0,2,14,1,1,1,233,46,60,142,53,10,0,88,75,3
3,1,1,959,4,0,1,1,0,5,1,1,0,25,22,1,1,1,54,19,30,32,31,20,0,40,39,1
3,1,1,960,4,0,1,1,0,5,1,4,0,2,22,1,1,1,87,26,120,39,34,20,0,80,58,1
3,1,1,961,4,0,1,1,0,2,1,2,0,17,2,1,1,1,174,50,30,112,72,20,0,112,60,3
3,1,1,962,4,0,1,1,0,3,1,2,0,25,10,1,1,1,120,38,120,90,42,30,0,100,55,3
3,1,1,963,4,0,1,1,0,3,1,3,0,1,17,1,1,1,123,31,60,55,43,30,0,91,32,2
3,1,1,964,4,0,1,1,0,4,1,2,0,17,23,1,1,1,322,62,30,226,66,10,0,160,92,3
3,1,1,965,4,0,1,1,0,5,1,1,0,2,20,1,1,1,247,45,120,158,53,20,0,128,68,3
3,1,1,966,4,0,1,1,0,2,0,2,0,2,17,1,1,1,220,45,30,96,66,20,0,195,75,2
3,1,1,967,4,0,1,1,0,3,1,3,0,17,10,1,1,1,264,64,120,185,72,20,0,190,156,2
3,1,1,968,4,0,1,1,0,2,1,3,0,1,10,1,1,1,151,54,30,116,64,20,0,130,104,1
3,1,1,969,4,0,1,1,0,2,1,3,0,22,5,1,1,1,205,67,120,97,74,20,0,208,110,2
3,1,1,970,4,0,1,1,0,3,1,2,0,22,2,1,1,1,137,36,120,63,46,10,0,130,91,2
3,1,1,971,4,0,1,1,1,2,0,1,0,25,2,1,1,1,125,48,120,49,53,20,0,143,75,3
3,1,1,972,4,0,1,1,1,2,0,1,0,25,22,1,1,1,116,26,120,97,31,20,0,70,58,2
3,1,1,973,4,0,1,1,1,2,1,3,0,25,16,1,1,1,368,74,120,150,108,10,0,351,195,2
3,1,1,974,4,0,1,1,1,3,1,2,0,1,25,1,1,1,200,62,120,81,70,30,0,168,143,2
3,1,1,975,4,0,1,1,1,3,1,2,0,22,19,1,1,1,185,43,30,151,49,30,0,130,100,3
3,1,1,976,4,0,1,1,1,3,1,3,0,25,1,1,1,1,236,74,60,81,99,30,0,247,84,2
3,1,1,977,4,0,1,1,1,4,0,1,0,1,2,1,1,1,106,35,120,37,49,10,0,117,78,3
3,1,1,978,4,0,1,1,1,4,1,2,0,2,22,1,1,1,89,22,30,34,26,10,0,56,40,3
3,1,1,979,4,0,1,1,1,4,1,2,0,22,20,1,1,1,285,77,30,131,86,30,0,224,221,2
3,1,1,980,4,0,1,1,1,5,0,4,0,22,19,1,1,1,222,45,30,149,58,20,0,182,90,2
3,1,1,981,4,0,1,1,1,2,0,1,0,1,22,1,1,1,206,65,30,65,74,30,0,136,130,2
3,1,1,982,4,0,1,1,1,2,0,2,0,17,22,1,1,1,266,63,120,129,72,30,0,286,100,2
3,1,1,983,4,0,1,1,1,2,1,2,0,2,22,1,1,1,181,42,60,148,45,20,0,156,80,2
3,1,1,984,4,0,1,1,1,2,1,2,0,25,20,1,1,1,242,79,120,113,91,20,0,325,145,2
3,1,1,985,4,0,1,1,1,2,1,4,0,2,20,1,1,1,212,55,30,164,66,20,0,120,91,2
3,1,1,986,4,0,1,1,1,3,0,2,0,25,17,1,1,1,283,72,60,95,105,30,0,270,190,2
3,1,1,987,4,0,1,1,1,3,0,4,0,1,25,1,1,1,208,74,30,89,99,20,0,200,175,2
3,1,1,988,4,0,1,1,1,3,1,2,0,1,2,1,1,1,169,55,120,120,62,20,0,169,70,2
3,1,1,989,4,0,1,1,1,3,1,2,0,2,1,1,1,1,190,34,30,113,53,20,0,143,65,2
3,1,1,990,4,0,1,1,1,3,1,2,0,17,25,1,1,1,282,59,30,100,82,20,0,273,150,2
3,1,1,991,4,0,1,1,1,3,1,2,0,22,2,1,1,1,103,22,60,34,26,20,0,70,58,3
3,1,1,992,4,0,1,1,1,3,1,3,0,25,2,1,1,1,146,40,60,44,46,10,0,88,85,2
3,1,1,993,4,0,1,1,1,3,1,3,0,25,3,1,1,1,302,48,120,186,56,20,0,136,92,3
3,1,1,994,4,0,1,1,1,4,0,2,0,25,14,1,1,1,294,79,120,110,86,30,0,240,145,3
3,1,1,995,4,0,1,1,1,4,0,2,0,25,17,1,1,1,242,86,30,152,91,10,0,351,195,2
3,1,1,996,4,0,1,1,1,4,1,1,0,1,10,1,1,1,135,50,30,73,54,30,0,112,84,2
3,1,1,997,4,0,1,1,1,4,1,2,0,1,10,1,1,1,209,59,60,167,62,20,0,112,64,3
3,1,1,998,4,0,1,1,1,4,1,2,0,2,1,1,1,1,105,40,60,66,45,20,0,130,65,1
3,1,1,999,4,0,1,1,1,4,1,2,0,2,14,1,1,1,176,46,60,124,57,30,0,120,65,1
3,1,1,1000,4,0,1,1,1,4,1,2,0,25,1,1,1,1,182,74,120,81,99,10,0,168,145,2
3,1,1,1001,4,0,1,1,1,4,1,3,0,1,23,1,1,1,344,64,30,230,74,30,0,247,100,2
3,1,1,1002,4,0,1,1,1,4,1,3,0,25,23,1,1,1,219,36,120,193,42,10,0,110,56,3
3,1,1,1003,4,0,1,1,1,4,1,4,0,1,2,1,1,1,138,39,120,80,52,10,0,110,64,3
3,1,1,1004,4,0,1,1,1,5,0,2,0,2,21,1,1,1,344,59,60,232,66,20,0,180,136,2
3,1,1,1005,4,0,1,1,1,5,1,1,0,2,15,1,1,1,194,62,120,109,80,10,0,112,85,1
3,1,1,1006,4,0,1,1,1,5,1,2,0,1,2,1,1,1,130,38,30,93,45,30,0,110,70,2
3,1,1,1007,4,0,1,1,1,2,0,1,0,22,2,1,1,1,139,43,30,65,48,30,0,80,71,3
3,1,1,1008,4,0,1,1,1,2,0,2,0,22,3,1,1,1,186,39,60,135,43,10,0,234,123,2
3,1,1,1009,4,0,1,1,1,2,1,3,0,1,22,1,1,1,193,62,120,50,66,30,0,170,130,2
3,1,1,1010,4,0,1,1,1,2,0,2,0,1,22,1,1,1,323,58,60,223,66,10,0,234,169,2
3,1,1,1011,4,0,1,1,1,2,1,1,0,2,1,1,1,1,137,39,60,94,52,30,0,72,65,3
3,1,1,1012,4,0,1,1,1,2,1,2,0,17,2,1,1,1,157,49,120,120,54,20,0,140,123,2
3,1,1,1013,4,0,1,1,1,3,1,3,0,2,1,1,1,1,118,38,60,72,50,30,0,72,71,3
3,1,1,1014,4,0,1,1,1,4,1,2,0,18,22,1,1,1,229,84,60,145,91,10,0,210,108,3
3,1,1,1015,4,0,1,1,1,2,1,4,0,2,22,1,1,1,236,45,60,149,49,10,0,96,80,3
3,1,1,1016,4,0,1,1,1,3,1,3,0,17,22,1,1,1,224,64,120,71,78,20,0,220,169,2
3,1,1,1017,4,0,1,3,0,3,1,2,0,25,1,1,1,1,236,56,60,71,64,20,0,210,188,2
3,1,1,1018,4,0,1,3,0,4,1,3,0,2,22,1,1,1,89,22,30,34,26,10,0,56,40,2
3,1,1,1019,4,0,1,3,0,2,1,2,0,1,2,1,1,1,92,42,30,41,56,20,0,90,78,2
3,1,1,1020,4,0,1,3,1,4,1,3,0,25,18,1,1,1,353,89,60,216,97,20,0,192,120,3
3,1,1,1021,4,0,1,3,1,3,1,3,0,1,2,1,1,1,141,36,120,68,45,20,0,104,64,3
3,1,1,1022,4,0,3,0,0,2,1,0,0,2,1,1,1,1,85,70,60,41,83,20,0,104,50,3
3,1,1,1023,4,0,3,0,0,2,1,2,0,25,1,1,1,1,182,123,120,63,144,20,0,210,195,2
3,1,1,1024,4,0,3,1,0,2,0,2,0,25,2,1,1,1,125,80,60,49,106,30,0,110,65,3
3,1,1,1025,4,0,3,1,0,2,1,1,0,25,10,1,1,1,95,63,120,90,71,20,0,90,71,3
3,1,1,1026,4,0,3,1,0,2,1,2,0,2,1,1,1,1,120,68,30,42,95,20,0,117,50,2
3,1,1,1027,4,0,3,1,0,2,1,2,0,22,1,1,1,1,170,111,30,80,149,20,0,128,84,3
3,1,1,1028,4,0,3,1,0,2,1,2,0,25,22,1,1,1,61,40,60,32,62,30,0,52,24,3
3,1,1,1029,4,0,3,1,0,3,1,1,0,25,1,1,1,1,182,148,120,81,198,10,0,168,115,3
3,1,1,1030,4,0,3,1,0,4,1,2,0,19,22,1,1,1,236,103,60,89,123,20,0,210,143,2
3,1,1,1031,4,0,3,1,0,4,1,2,0,22,17,1,1,1,392,158,120,222,165,30,0,190,105,3
3,1,1,1032,4,0,3,1,0,4,1,3,0,22,1,1,1,1,227,114,30,93,128,10,0,180,96,2
3,1,1,1033,4,0,3,1,0,4,1,3,0,25,3,1,1,1,295,124,120,174,128,30,0,170,100,3
3,1,1,1034,4,0,3,1,0,5,1,2,0,25,2,1,1,1,136,80,120,66,90,30,0,88,91,3
3,1,1,1035,4,0,3,1,0,2,0,2,0,17,1,1,1,1,92,43,30,36,57,30,0,78,32,3
3,1,1,1036,4,0,3,1,0,2,0,2,0,17,25,1,1,1,318,149,120,144,165,30,0,200,214,2
3,1,1,1037,4,0,3,1,0,2,0,2,0,25,19,1,1,1,243,100,60,173,116,10,0,247,162,2
3,1,1,1038,4,0,3,1,0,2,1,1,0,17,25,1,1,1,249,173,60,117,210,10,0,260,124,2
3,1,1,1039,4,0,3,1,0,2,1,1,0,25,22,1,1,1,101,42,120,78,50,20,0,50,32,3
3,1,1,1040,4,0,3,1,0,2,1,2,0,17,25,1,1,1,330,140,60,156,172,10,0,377,227,2
3,1,1,1041,4,0,3,1,0,2,1,2,0,22,1,1,1,1,138,103,30,87,123,20,0,110,84,3
3,1,1,1042,4,0,3,1,0,3,0,1,0,25,10,1,1,1,128,61,60,97,65,20,0,100,78,2
3,1,1,1043,4,0,3,1,0,4,0,1,0,25,18,1,1,1,372,206,60,283,227,10,0,280,124,3
3,1,1,1044,4,0,3,1,0,4,1,2,0,22,2,1,1,1,89,50,60,34,76,30,0,70,35,3
3,1,1,1045,4,0,3,1,0,4,1,2,0,25,2,1,1,1,146,80,60,44,91,10,0,88,70,3
3,1,1,1046,4,0,3,1,0,4,1,3,0,1,10,1,1,1,135,86,60,108,95,20,0,169,65,3
3,1,1,1047,4,0,3,1,0,4,1,3,0,25,2,1,1,1,185,81,120,84,98,20,0,112,60,2
3,1,1,1048,4,0,3,1,0,4,1,4,0,22,1,1,1,1,190,103,30,76,123,30,0,195,100,2
3,1,1,1049,4,0,3,1,0,5,0,2,0,22,1,1,1,1,268,111,60,168,132,10,0,234,156,3
3,1,1,1050,4,0,3,1,0,3,0,2,0,9,10,1,1,1,156,91,60,130,99,20,0,143,70,3
3,1,1,1051,4,0,3,1,0,3,1,3,0,25,20,1,1,1,280,130,30,122,156,10,0,208,140,2
3,1,1,1052,4,0,3,1,0,2,1,3,0,25,3,1,1,1,242,103,60,166,132,30,0,180,100,3
3,1,1,1053,4,0,3,1,0,3,0,1,0,25,2,1,1,1,125,96,120,49,106,20,0,143,75,2
3,1,1,1054,4,0,3,1,0,3,0,3,0,25,2,1,1,1,125,96,30,55,123,20,0,110,97,3
3,1,1,1055,4,0,3,1,0,3,0,3,0,25,12,1,1,1,193,95,60,123,108,10,0,234,136,3
3,1,1,1056,4,0,3,1,0,3,1,3,0,25,1,1,1,1,236,123,120,71,172,10,0,247,182,2
3,1,1,1057,4,0,3,1,0,4,1,3,0,25,10,1,1,1,125,56,30,101,62,10,0,64,45,3
3,1,1,1058,4,0,3,1,0,2,0,2,0,25,2,1,1,1,270,98,30,230,114,20,0,112,76,3
3,1,1,1059,4,0,3,1,0,2,0,4,0,25,11,1,1,1,149,99,30,88,128,20,0,128,88,3
3,1,1,1060,4,0,3,1,0,2,1,2,0,25,10,1,1,1,143,76,60,132,90,30,0,90,60,3
3,1,1,1061,4,0,3,1,0,2,1,3,0,25,12,1,1,1,221,95,60,151,111,10,0,221,143,2
3,1,1,1062,4,0,3,1,0,3,1,2,0,25,2,1,1,1,125,96,60,44,99,20,0,88,64,3
3,1,1,1063,4,0,3,1,1,1,1,2,0,1,23,1,1,1,327,119,60,167,132,20,0,200,149,2
3,1,1,1064,4,0,3,1,1,2,0,2,0,25,2,1,1,1,114,80,120,44,91,20,0,120,97,3
3,1,1,1065,4,0,3,1,1,2,0,2,0,25,10,1,1,1,115,56,30,78,70,20,0,104,55,3
3,1,1,1066,4,0,3,1,1,2,1,2,0,25,1,1,1,1,236,111,60,71,128,20,0,210,162,3
3,1,1,1067,4,0,3,1,1,3,1,3,0,1,2,1,1,1,166,81,60,83,91,20,0,110,78,2
3,1,1,1068,4,0,3,1,1,4,0,1,0,22,17,1,1,1,301,119,120,159,139,20,0,168,96,3
3,1,1,1069,4,0,3,1,1,4,1,3,0,22,1,1,1,1,227,119,120,145,123,30,0,140,90,3
3,1,1,1070,4,0,3,1,1,5,0,3,0,22,2,1,1,1,89,45,30,34,52,10,0,56,45,3
3,1,1,1071,4,0,3,1,1,1,1,1,0,17,22,1,1,1,299,128,30,130,149,10,0,220,112,3
3,1,1,1072,4,0,3,1,1,2,0,1,0,22,12,1,1,1,186,86,30,106,91,10,0,120,60,3
3,1,1,1073,4,0,3,1,1,2,0,1,0,25,12,1,1,1,175,106,120,112,116,20,0,180,149,2
3,1,1,1074,4,0,3,1,1,2,0,2,0,17,2,1,1,1,333,116,30,179,132,10,0,190,88,3
3,1,1,1075,4,0,3,1,1,2,1,1,0,25,10,1,1,1,160,76,60,130,83,10,0,72,65,3
3,1,1,1076,4,0,3,1,1,2,1,2,0,22,1,1,1,1,196,133,120,88,149,20,0,208,100,3
3,1,1,1077,4,0,3,1,1,2,1,2,0,25,2,1,1,1,131,108,30,64,111,10,0,156,91,2
3,1,1,1078,4,0,3,1,1,2,1,3,0,22,17,1,1,1,381,149,120,154,205,10,0,351,273,2
3,1,1,1079,4,0,3,1,1,3,1,2,0,25,12,1,1,1,230,95,60,117,106,20,0,180,117,2
3,1,1,1080,4,0,3,1,1,4,1,1,0,25,23,1,1,1,166,71,30,118,80,10,0,90,44,3
3,1,1,1081,4,0,3,1,1,4,1,2,0,20,25,1,1,1,290,173,120,161,194,20,0,312,150,3
3,1,1,1082,4,0,3,1,1,4,1,2,0,22,12,1,1,1,143,108,60,104,111,10,0,140,68,3
3,1,1,1083,4,0,3,1,1,4,1,2,0,25,2,1,1,1,225,99,120,159,114,20,0,160,130,2
3,1,1,1084,4,0,3,1,1,4,1,3,0,25,17,1,1,1,346,134,60,102,156,20,0,250,201,2
3,1,1,1085,4,0,3,1,1,5,1,2,0,1,23,1,1,1,239,89,60,198,114,30,0,104,104,3
3,1,1,1086,4,0,3,1,1,5,1,2,0,22,1,1,1,1,216,114,60,68,132,10,0,160,125,3
3,1,1,1087,4,0,3,1,1,5,1,2,0,25,1,1,1,1,182,148,120,81,198,10,0,216,160,3
3,1,1,1088,4,0,3,1,1,5,1,2,0,25,2,1,1,1,146,72,60,49,83,20,0,110,91,2
3,1,1,1089,4,0,3,1,1,5,1,4,0,25,18,1,1,1,328,134,60,217,182,30,0,200,169,3
3,1,1,1090,4,0,3,1,1,2,0,1,0,17,12,1,1,1,151,82,120,114,91,30,0,169,68,2
3,1,1,1091,4,0,3,1,1,2,0,2,0,22,12,1,1,1,212,89,30,157,98,10,0,136,95,3
3,1,1,1092,4,0,3,1,1,2,1,3,0,22,12,1,1,1,157,98,60,123,103,20,0,221,95,2
3,1,1,1093,4,0,3,1,1,2,1,4,0,1,22,1,1,1,164,93,120,50,132,10,0,170,68,3
3,1,1,1094,4,0,3,1,1,3,1,3,0,1,23,1,1,1,303,111,30,282,139,20,0,128,84,3
3,1,1,1095,4,0,3,1,1,4,0,2,0,25,12,1,1,1,193,95,120,112,123,10,0,170,88,3
3,1,1,1096,4,0,3,1,1,4,1,2,0,2,1,1,1,1,108,76,30,64,103,20,0,80,44,3
3,1,1,1097,4,0,3,1,1,5,1,1,0,25,22,1,1,1,77,62,30,55,80,20,0,70,52,3
3,1,1,1098,4,0,3,1,1,2,0,2,0,17,2,1,1,1,159,118,30,55,128,10,0,195,130,2
3,1,1,1099,4,0,3,1,1,2,0,2,0,25,22,1,1,1,123,68,30,106,76,10,0,104,71,3
3,1,1,1100,4,0,3,1,1,2,1,2,0,25,21,1,1,1,453,177,60,242,198,10,0,224,170,3
3,1,1,1101,4,0,3,1,1,3,1,2,0,25,1,1,1,1,287,128,30,126,144,10,0,210,104,3
3,1,1,1102,4,0,3,1,1,3,1,3,0,25,1,1,1,1,257,115,30,79,165,20,0,299,155,2
3,1,1,1103,4,0,3,1,1,3,1,2,0,18,2,1,1,1,200,108,60,145,132,30,0,170,115,3
3,1,1,1104,4,0,3,2,0,3,1,3,0,1,22,1,1,1,185,97,60,89,139,30,0,136,117,2
3,1,1,1105,4,0,3,3,0,2,1,2,0,25,2,1,1,1,114,96,60,49,106,10,0,110,60,3
3,1,1,1106,4,0,3,3,1,1,1,1,0,25,1,1,1,1,236,111,30,63,156,20,0,247,130,2
3,1,1,1107,4,0,6,1,0,4,1,2,0,22,3,1,1,1,178,14,30,127,19,20,0,130,123,2
3,1,1,1108,4,0,6,1,1,3,1,3,0,2,17,1,1,1,149,14,120,119,19,10,0,112,85,3
3,1,1,1109,4,0,7,1,0,1,1,1,0,22,1,1,1,1,189,8,120,102,10,30,0,286,96,2
3,1,1,1110,4,1,1,0,0,2,0,0,0,17,2,1,1,1,236,90,30,92,105,10,0,160,68,3
3,1,1,1111,4,1,1,1,0,2,1,2,0,22,1,1,1,1,245,89,120,104,109,20,0,136,100,3
3,1,1,1112,4,1,1,1,0,3,1,3,0,25,10,1,1,1,161,60,120,152,65,30,0,80,104,3
3,1,1,1113,4,1,1,1,0,4,0,2,0,1,25,1,1,1,200,126,120,71,140,20,0,325,130,2
3,1,1,1114,4,1,1,1,0,5,1,3,0,1,25,1,1,1,227,126,30,108,174,20,0,220,169,2
3,1,1,1115,4,1,1,1,0,2,1,2,0,22,1,1,1,1,170,94,60,88,105,20,0,221,110,2
3,1,1,1116,4,1,1,1,0,2,1,3,0,1,2,1,1,1,92,60,30,34,74,30,0,117,48,2
3,1,1,1117,4,1,1,1,0,3,0,3,0,25,2,1,1,1,114,82,30,44,84,10,0,156,104,1
3,1,1,1118,4,1,1,1,0,4,0,2,0,22,3,1,1,1,265,84,60,168,90,10,0,128,80,3
3,1,1,1119,4,1,1,1,0,4,1,2,0,1,2,1,1,1,155,67,30,120,78,30,0,100,60,3
3,1,1,1120,4,1,1,1,0,4,1,2,0,25,2,1,1,1,176,89,120,100,97,20,0,156,75,3
3,1,1,1121,4,1,1,1,0,4,1,3,0,1,22,1,1,1,292,113,30,145,133,30,0,152,169,3
3,1,1,1122,4,1,1,1,0,4,1,3,0,2,15,1,1,1,152,101,120,93,137,10,0,104,85,3
3,1,1,1123,4,1,1,1,0,4,1,3,0,25,18,1,1,1,475,131,120,396,146,30,0,429,176,3
3,1,1,1124,4,1,1,1,0,2,1,3,0,1,22,1,1,1,214,85,120,100,122,10,0,170,80,3
3,1,1,1125,4,1,1,1,1,3,0,3,0,17,11,1,1,1,160,74,120,111,78,30,0,104,110,3
3,1,1,1126,4,1,1,1,1,3,1,2,0,25,17,1,1,1,257,110,30,109,137,30,0,270,165,2
3,1,1,1127,4,1,1,1,1,4,1,3,0,25,9,1,1,1,264,109,120,93,150,10,0,338,279,2
3,1,1,1128,4,1,1,1,1,2,0,1,0,1,22,1,1,1,279,94,30,171,109,10,0,152,120,3
3,1,1,1129,4,1,1,1,1,2,1,3,0,25,2,1,1,1,146,68,120,49,90,10,0,143,91,2
3,1,1,1130,4,1,1,1,1,3,1,2,0,1,23,1,1,1,311,76,30,219,97,20,0,169,80,2
3,1,1,1131,4,1,1,1,1,3,1,3,0,2,1,1,1,1,112,71,30,60,81,30,0,117,52,2
3,1,1,1132,4,1,1,1,1,3,1,3,0,9,22,1,1,1,253,105,60,97,118,10,0,128,110,3
3,1,1,1133,4,1,1,1,1,3,1,3,0,22,1,1,1,1,174,79,120,60,112,10,0,150,80,2
3,1,1,1134,4,1,1,1,1,4,0,4,0,1,23,1,1,1,249,131,60,169,146,10,0,170,80,3
3,1,1,1135,4,1,1,1,1,4,0,4,0,22,1,1,1,1,226,87,60,126,105,10,0,234,149,2
3,1,1,1136,4,1,1,1,1,4,1,2,0,1,22,1,1,1,164,108,30,68,118,10,0,208,123,2
3,1,1,1137,4,1,1,1,1,4,1,2,0,1,23,1,1,1,350,112,120,187,146,10,0,260,162,3
3,1,1,1138,4,1,1,1,1,4,1,2,0,1,25,1,1,1,224,109,120,105,122,30,0,176,149,2
3,1,1,1139,4,1,1,1,1,4,1,2,0,25,1,1,1,1,200,94,60,81,112,10,0,247,182,2
3,1,1,1140,4,1,1,1,1,4,1,3,0,22,1,1,1,1,180,83,120,66,118,10,0,170,96,3
3,1,1,1141,4,1,1,1,1,5,1,1,0,2,18,1,1,1,253,110,60,160,133,30,0,195,80,3
3,1,1,1142,4,1,1,1,1,5,1,3,0,1,22,1,1,1,206,83,30,59,118,20,0,195,100,3
3,1,1,1143,4,1,1,1,1,5,1,3,0,2,22,1,1,1,137,60,120,86,68,30,0,80,84,3
3,1,1,1144,4,1,1,1,1,5,1,3,0,22,17,1,1,1,276,101,30,180,112,10,0,184,145,3
3,1,1,1145,4,1,1,1,1,3,0,2,0,1,2,1,1,1,150,82,60,76,105,30,0,117,40,3
3,1,1,1146,4,1,1,1,1,3,1,3,0,20,23,1,1,1,388,146,30,162,168,30,0,232,195,2
3,1,1,1147,4,1,1,1,1,3,1,3,0,22,1,1,1,1,193,106,60,64,140,30,0,221,64,3
3,1,1,1148,4,1,1,1,1,3,1,3,0,18,2,1,1,1,213,110,60,176,118,10,0,160,76,3
3,1,1,1149,4,1,1,3,0,3,1,3,0,2,17,1,1,1,182,92,30,88,127,20,0,136,88,3
3,1,1,1150,4,1,1,3,0,4,1,3,0,25,2,1,1,1,146,68,30,55,76,10,0,120,60,2
3,1,1,1151,4,1,1,3,1,3,1,3,0,2,1,1,1,1,186,85,120,104,88,30,0,100,65,3
3,1,1,1152,4,1,3,1,0,4,1,3,0,2,15,1,1,1,207,217,30,102,281,20,0,180,143,2
3,1,1,1153,4,1,3,1,0,5,1,2,0,22,12,1,1,1,202,153,120,159,167,20,0,120,104,3
3,1,1,1154,4,1,3,1,0,2,1,2,0,25,1,1,1,1,200,252,30,81,337,20,0,190,136,3
3,1,1,1155,4,1,3,1,0,2,1,3,0,25,17,1,1,1,270,284,120,146,322,20,0,325,180,2
3,1,1,1156,4,1,3,1,0,3,1,3,0,1,17,1,1,1,106,74,120,39,116,10,0,78,45,2
3,1,1,1157,4,1,3,1,0,4,0,3,0,25,1,1,1,1,283,218,30,120,245,10,0,230,104,3
3,1,1,1158,4,1,3,1,0,4,1,1,0,25,10,1,1,1,122,109,60,86,142,30,0,91,36,3
3,1,1,1159,4,1,3,1,0,4,1,2,0,25,2,1,1,1,172,184,120,64,189,30,0,130,85,3
3,1,1,1160,4,1,3,1,0,3,1,3,0,12,22,1,1,1,186,147,30,106,155,10,0,160,104,2
3,1,1,1161,4,1,3,1,0,4,1,2,0,17,10,1,1,1,198,152,60,122,176,20,0,140,136,3
3,1,1,1162,4,1,3,1,1,5,0,3,0,22,12,1,1,1,186,184,30,102,184,30,0,136,123,3
3,1,1,1163,4,1,3,1,1,5,1,3,0,1,22,1,1,1,250,163,120,187,184,20,0,136,68,3
3,1,1,1164,4,1,3,1,1,3,0,1,0,1,23,1,1,1,256,203,120,201,218,20,0,195,85,3
3,1,1,1165,4,1,3,1,1,3,0,3,0,22,1,1,1,1,203,238,60,89,254,20,0,152,100,3
3,1,1,1166,4,1,3,1,1,3,0,4,0,25,1,1,1,1,240,225,120,125,266,20,0,210,221,3
3,1,1,1167,4,1,3,1,1,3,1,2,0,2,18,1,1,1,270,194,30,130,218,10,0,170,80,3
3,1,1,1168,4,1,3,1,1,3,1,2,0,22,17,1,1,1,290,284,30,135,386,20,0,240,240,3
3,1,1,1169,4,1,3,1,1,4,0,1,0,22,20,1,1,1,291,189,30,130,254,20,0,338,145,2
3,1,1,1170,4,1,3,1,1,4,1,3,0,22,17,1,1,1,245,202,60,95,293,30,0,168,175,3
3,1,1,1171,4,1,3,1,1,4,1,3,0,22,18,1,1,1,289,270,30,133,301,30,0,176,195,2
3,1,1,1172,4,1,3,1,1,4,1,3,0,25,1,1,1,1,182,189,120,71,218,30,0,273,108,2
3,1,1,1173,4,1,3,1,1,5,1,2,0,22,21,1,1,1,394,274,60,351,310,30,0,240,145,3
3,1,1,1174,4,1,3,1,1,5,1,2,0,25,18,1,1,1,302,305,120,173,337,20,0,325,155,3
3,1,1,1175,4,1,3,1,1,3,1,3,0,25,3,1,1,1,286,176,30,230,225,20,0,136,92,3
3,1,1,1176,4,1,3,1,1,3,1,3,0,25,18,1,1,1,794,266,60,760,293,20,0,351,165,3
3,1,1,1177,4,1,3,1,1,5,1,2,0,15,19,1,1,1,171,143,60,100,169,30,0,117,48,3
3,1,1,1178,4,1,3,1,1,2,0,3,0,25,2,1,1,1,146,136,120,49,181,10,0,156,104,2
3,1,1,1179,4,1,3,1,1,3,1,3,0,25,17,1,1,1,284,284,30,165,366,20,0,240,201,2
3,1,1,1180,4,1,3,1,1,4,1,2,0,25,2,1,1,1,279,203,60,178,254,30,0,195,72,3
3,1,1,1181,4,1,3,2,0,5,1,2,0,25,1,1,1,1,236,189,60,71,218,20,0,210,208,2
3,1,1,1182,4,1,3,2,0,3,1,3,0,25,18,1,1,1,317,337,120,232,422,10,0,248,170,3
3,1,1,1183,4,1,3,2,1,5,1,3,0,1,22,1,1,1,191,163,120,77,225,10,0,170,92,3
3,1,1,1184,4,1,3,3,0,5,1,1,0,25,1,1,1,1,236,252,120,63,266,30,0,190,115,2
3,1,1,1185,4,1,3,3,1,3,1,3,0,1,23,1,1,1,299,218,120,143,281,10,0,247,208,2
3,1,1,1186,4,1,6,1,0,2,1,3,0,2,1,1,1,1,106,23,120,34,23,30,0,90,65,2
3,1,1,1187,4,1,6,1,0,3,0,2,0,25,23,1,1,1,218,17,120,170,25,20,0,80,44,3
3,1,1,1188,4,1,6,1,1,3,1,2,0,1,10,1,1,1,180,17,30,109,31,20,0,156,75,2
3,1,1,1189,4,1,6,1,1,3,1,2,0,25,22,1,1,1,90,23,60,75,25,10,0,70,32,2
3,1,1,1190,4,1,6,1,1,4,1,2,0,2,25,1,1,1,124,17,60,55,31,30,0,96,110,1
3,1,1,1191,4,1,6,1,1,3,1,3,0,25,3,1,1,1,241,19,60,165,31,30,0,170,100,3
3,1,1,1192,4,1,7,1,0,5,1,3,0,2,20,1,1,1,178,13,30,100,16,10,0,120,56,3
